TaskID|ProbeFileID|ProbeFileName|TrainCamID|IsTarget|IsManipulated|ProbeMaskFileName|ProbeBitPlaneMaskFileName|BaseFileName|ProbeBrowserFileName|JournalName|JournalSource|HPDeviceID
camera|75ed2ccf33845a44f0590c9482cf1ca3|probe/75ed2ccf33845a44f0590c9482cf1ca3.mp4|ES-D5100_primary_video|N|Y|||probe/e9d9d52ad3a2c5ef1175eee4695adac8.mp4|75ed2ccf33845a44f0590c9482cf1ca3.mp4|e9d9d52ad3a2c5ef1175eee4695adac8||ES-D5100
camera|7199d714a3e9f54c6b070ddbe364d4c3|probe/7199d714a3e9f54c6b070ddbe364d4c3.mp4|ES-D5100_primary_video|N|Y|||probe/1f7dd097dd583ac27e73dce15cbf1203.mp4|7199d714a3e9f54c6b070ddbe364d4c3.mp4|1f7dd097dd583ac27e73dce15cbf1203||ES-D5100
camera|f8d2ed5d34124e8ad3bd4d4a1d108184|probe/f8d2ed5d34124e8ad3bd4d4a1d108184.mp4|ES-D5100_primary_video|N|Y|||probe/0d57c5e84596a8e937be5b6b50c9cac7.mp4|f8d2ed5d34124e8ad3bd4d4a1d108184.mp4|0d57c5e84596a8e937be5b6b50c9cac7||ES-D5100
camera|70b9ac808cf1373c48b8f0d80fbd4507|probe/70b9ac808cf1373c48b8f0d80fbd4507.mts|ES-D5100_primary_video|N|N|||probe/70b9ac808cf1373c48b8f0d80fbd4507.mts|70b9ac808cf1373c48b8f0d80fbd4507.mts|70b9ac808cf1373c48b8f0d80fbd4507||ES-D5100
camera|83db8eb578ee88537e851c3c17a4de5c|probe/83db8eb578ee88537e851c3c17a4de5c.mp4|ES-D5100_primary_video|N|Y|||probe/93f07e2ce6e3fa0f5e2e845a32bd537d.mp4|83db8eb578ee88537e851c3c17a4de5c.mp4|93f07e2ce6e3fa0f5e2e845a32bd537d||ES-D5100
camera|746c538433f1d9a508b0bb2902bb938b|probe/746c538433f1d9a508b0bb2902bb938b.mp4|ES-D5100_primary_video|N|N|||probe/746c538433f1d9a508b0bb2902bb938b.mp4|746c538433f1d9a508b0bb2902bb938b.mp4|746c538433f1d9a508b0bb2902bb938b||ES-D5100
camera|9fc9a7459f21b23f09f49dbe5e3a0663|probe/9fc9a7459f21b23f09f49dbe5e3a0663.mp4|ES-D5100_primary_video|N|Y|||probe/746c538433f1d9a508b0bb2902bb938b.mp4|9fc9a7459f21b23f09f49dbe5e3a0663.mp4|746c538433f1d9a508b0bb2902bb938b||ES-D5100
camera|1dcbd3d40a8c63a30ed226c2e38dbfd4|probe/1dcbd3d40a8c63a30ed226c2e38dbfd4.mp4|ES-D5100_primary_video|N|Y|||probe/64bd1f29214cf295e47e1fadc0ea1cd0.mp4|1dcbd3d40a8c63a30ed226c2e38dbfd4.mp4|64bd1f29214cf295e47e1fadc0ea1cd0||ES-D5100
camera|0679b7e6a1688ff412e18bdebe246442|probe/0679b7e6a1688ff412e18bdebe246442.mp4|ES-D5100_primary_video|N|Y|||probe/94e53adbf368aab1dec4710de9d203e3.mp4|0679b7e6a1688ff412e18bdebe246442.mp4|94e53adbf368aab1dec4710de9d203e3||ES-D5100
camera|1c20c5778d792d5803de04662e359ccc|probe/1c20c5778d792d5803de04662e359ccc.mp4|ES-D5100_primary_video|N|Y|||probe/11f85bcde6eadd0a689560e3b5e866b9.mp4|1c20c5778d792d5803de04662e359ccc.mp4|11f85bcde6eadd0a689560e3b5e866b9||ES-D5100
camera|11c94a7b93e2b5bed70d61da17762390|probe/11c94a7b93e2b5bed70d61da17762390.avi|ES-D5100_primary_video|N|Y|||probe/aa126943bac9401f3e06f69c51906b4b.mp4|11c94a7b93e2b5bed70d61da17762390.avi|aa126943bac9401f3e06f69c51906b4b||ES-D5100
camera|2bfe7d6a032e7460add10311a04d01cb|probe/2bfe7d6a032e7460add10311a04d01cb.mp4|ES-D5100_primary_video|Y|Y|||probe/7ba8341bf78f3e656f9ff5dab231fc54.mp4|2bfe7d6a032e7460add10311a04d01cb.mp4|7ba8341bf78f3e656f9ff5dab231fc54||ES-D5100
camera|d7e636ba4b0c30e65353d653246ec126|probe/d7e636ba4b0c30e65353d653246ec126.mp4|ES-D5100_primary_video|Y|Y|||probe/7ba8341bf78f3e656f9ff5dab231fc54.mp4|d7e636ba4b0c30e65353d653246ec126.mp4|7ba8341bf78f3e656f9ff5dab231fc54||ES-D5100
camera|80a13f08653249baaba174a34b09f7ea|probe/80a13f08653249baaba174a34b09f7ea.mp4|ES-D5100_primary_video|Y|Y|||probe/7ba8341bf78f3e656f9ff5dab231fc54.mp4|80a13f08653249baaba174a34b09f7ea.mp4|7ba8341bf78f3e656f9ff5dab231fc54||ES-D5100
camera|7ba8341bf78f3e656f9ff5dab231fc54|probe/7ba8341bf78f3e656f9ff5dab231fc54.mp4|ES-D5100_primary_video|Y|N|||probe/7ba8341bf78f3e656f9ff5dab231fc54.mp4|7ba8341bf78f3e656f9ff5dab231fc54.mp4|7ba8341bf78f3e656f9ff5dab231fc54||ES-D5100
camera|0ce2fb2790997ec0e368b74d9db2ea28|probe/0ce2fb2790997ec0e368b74d9db2ea28.mp4|ES-D5100_primary_video|Y|Y|||probe/7ba8341bf78f3e656f9ff5dab231fc54.mp4|0ce2fb2790997ec0e368b74d9db2ea28.mp4|7ba8341bf78f3e656f9ff5dab231fc54||ES-D5100
camera|b44d7dfd0d1cef2f13e15296d0f073d8|probe/b44d7dfd0d1cef2f13e15296d0f073d8.mp4|ES-D5100_primary_video|Y|Y|||probe/7ba8341bf78f3e656f9ff5dab231fc54.mp4|b44d7dfd0d1cef2f13e15296d0f073d8.mp4|7ba8341bf78f3e656f9ff5dab231fc54||ES-D5100
camera|5e562dd89dd28144fb0424cb23341d8b|probe/5e562dd89dd28144fb0424cb23341d8b.mp4|ES-D5100_primary_video|N|N|||probe/5e562dd89dd28144fb0424cb23341d8b.mp4|5e562dd89dd28144fb0424cb23341d8b.mp4|5e562dd89dd28144fb0424cb23341d8b||ES-D5100
camera|b073e8576f15867fe8e7a691985271ad|probe/b073e8576f15867fe8e7a691985271ad.mp4|ES-D5100_primary_video|N|Y|||probe/80477616336656ef2af661a79676a55a.mp4|b073e8576f15867fe8e7a691985271ad.mp4|80477616336656ef2af661a79676a55a||ES-D5100
camera|80477616336656ef2af661a79676a55a|probe/80477616336656ef2af661a79676a55a.mp4|ES-D5100_primary_video|N|N|||probe/80477616336656ef2af661a79676a55a.mp4|80477616336656ef2af661a79676a55a.mp4|80477616336656ef2af661a79676a55a||ES-D5100
camera|95ce8ffcc7dff02040495389332085aa|probe/95ce8ffcc7dff02040495389332085aa.mp4|ES-D5100_primary_video|N|N|||probe/95ce8ffcc7dff02040495389332085aa.mp4|95ce8ffcc7dff02040495389332085aa.mp4|95ce8ffcc7dff02040495389332085aa||ES-D5100
camera|920d93f8255595cd558e5b8263717de5|probe/920d93f8255595cd558e5b8263717de5.mov|ES-D5100_primary_video|Y|N|||probe/920d93f8255595cd558e5b8263717de5.mov|920d93f8255595cd558e5b8263717de5.mov|920d93f8255595cd558e5b8263717de5||ES-D5100
camera|be5ba8e769915b5a4371d37b16df76c1|probe/be5ba8e769915b5a4371d37b16df76c1.mov|ES-D5100_primary_video|Y|Y|||probe/920d93f8255595cd558e5b8263717de5.mov|be5ba8e769915b5a4371d37b16df76c1.mov|920d93f8255595cd558e5b8263717de5||ES-D5100
camera|fe26257f88a52f481f78479069203645|probe/fe26257f88a52f481f78479069203645.mp4|PAR-1579_primary_video|N|N|||probe/fe26257f88a52f481f78479069203645.mp4|fe26257f88a52f481f78479069203645.mp4|fe26257f88a52f481f78479069203645||PAR-1579
camera|4f746fa223c74ca0e63125f51f1b606e|probe/4f746fa223c74ca0e63125f51f1b606e.mp4|PAR-1579_primary_video|N|Y|||probe/1f7dd097dd583ac27e73dce15cbf1203.mp4|4f746fa223c74ca0e63125f51f1b606e.mp4|1f7dd097dd583ac27e73dce15cbf1203||PAR-1579
camera|f02be41241b56cabcf18791af662efb5|probe/f02be41241b56cabcf18791af662efb5.mp4|PAR-1579_primary_video|N|Y|||probe/1f7dd097dd583ac27e73dce15cbf1203.mp4|f02be41241b56cabcf18791af662efb5.mp4|1f7dd097dd583ac27e73dce15cbf1203||PAR-1579
camera|36f525ad4abf1a69734e1efbdafb7417|probe/36f525ad4abf1a69734e1efbdafb7417.3gp|PAR-1579_primary_video|N|Y|||probe/071ab744b24e2d8a07747e8772fd6726.mp4|36f525ad4abf1a69734e1efbdafb7417.3gp|071ab744b24e2d8a07747e8772fd6726||PAR-1579
camera|3aafe09bacf1b75e1672e9980b6a1c2e|probe/3aafe09bacf1b75e1672e9980b6a1c2e.mp4|PAR-1579_primary_video|N|Y|||probe/17708284a6eb1fb7b3cd65ac525dbf3e.mp4|3aafe09bacf1b75e1672e9980b6a1c2e.mp4|17708284a6eb1fb7b3cd65ac525dbf3e||PAR-1579
camera|20df2f8111d13826b958725c9e0ae40b|probe/20df2f8111d13826b958725c9e0ae40b.mp4|PAR-1579_primary_video|N|Y|||probe/17708284a6eb1fb7b3cd65ac525dbf3e.mp4|20df2f8111d13826b958725c9e0ae40b.mp4|17708284a6eb1fb7b3cd65ac525dbf3e||PAR-1579
camera|9290bc58e85305a03ed72458ae261691|probe/9290bc58e85305a03ed72458ae261691.mp4|PAR-1579_primary_video|N|Y|||probe/21e1868ccdaeacaf1b3f8686201c8c51.mp4|9290bc58e85305a03ed72458ae261691.mp4|21e1868ccdaeacaf1b3f8686201c8c51||PAR-1579
camera|1c680f71c185f26f7f9b30e02e71034e|probe/1c680f71c185f26f7f9b30e02e71034e.mp4|PAR-1579_primary_video|N|Y|||probe/a2e69856ae1eb7779ebcfce9a440f91c.mp4|1c680f71c185f26f7f9b30e02e71034e.mp4|a2e69856ae1eb7779ebcfce9a440f91c||PAR-1579
camera|1b6555ceee532069a2040900987e3437|probe/1b6555ceee532069a2040900987e3437.mp4|PAR-1579_primary_video|N|Y|||probe/746c538433f1d9a508b0bb2902bb938b.mp4|1b6555ceee532069a2040900987e3437.mp4|746c538433f1d9a508b0bb2902bb938b||PAR-1579
camera|0a1f229e64a42c685d347fda749b7fbf|probe/0a1f229e64a42c685d347fda749b7fbf.mp4|PAR-1579_primary_video|N|N|||probe/0a1f229e64a42c685d347fda749b7fbf.mp4|0a1f229e64a42c685d347fda749b7fbf.mp4|0a1f229e64a42c685d347fda749b7fbf||PAR-1579
camera|a95314d44b50f88b43e1c4ad288a6d42|probe/a95314d44b50f88b43e1c4ad288a6d42.mp4|PAR-1579_primary_video|N|Y|||probe/0a1f229e64a42c685d347fda749b7fbf.mp4|a95314d44b50f88b43e1c4ad288a6d42.mp4|0a1f229e64a42c685d347fda749b7fbf||PAR-1579
camera|4ba59c9eab2caada107ec789af2fc3fe|probe/4ba59c9eab2caada107ec789af2fc3fe.mp4|PAR-1579_primary_video|N|Y|||probe/172864832d46c8f95b625db6d00e2311.mp4|4ba59c9eab2caada107ec789af2fc3fe.mp4|172864832d46c8f95b625db6d00e2311||PAR-1579
camera|b7c7a74571e87bce9d485394e5b34401|probe/b7c7a74571e87bce9d485394e5b34401.mp4|PAR-1579_primary_video|N|Y|||probe/5c790703823fec4794bcc0a84f412402.mp4|b7c7a74571e87bce9d485394e5b34401.mp4|5c790703823fec4794bcc0a84f412402||PAR-1579
camera|83019965991a1a9984d7c7bff392122b|probe/83019965991a1a9984d7c7bff392122b.mp4|PAR-1579_primary_video|N|Y|||probe/e9bb4a3e68002fd0f687d1df59f0dab5.mp4|83019965991a1a9984d7c7bff392122b.mp4|e9bb4a3e68002fd0f687d1df59f0dab5||PAR-1579
camera|80a13f08653249baaba174a34b09f7ea|probe/80a13f08653249baaba174a34b09f7ea.mp4|PAR-1579_primary_video|N|Y|||probe/7ba8341bf78f3e656f9ff5dab231fc54.mp4|80a13f08653249baaba174a34b09f7ea.mp4|7ba8341bf78f3e656f9ff5dab231fc54||PAR-1579
camera|6e546b9da1742556be0ff41a5be903d9|probe/6e546b9da1742556be0ff41a5be903d9.mp4|PAR-1579_primary_video|N|Y|||probe/42d061dee4eb2655ab976fd6c8c56d33.mp4|6e546b9da1742556be0ff41a5be903d9.mp4|42d061dee4eb2655ab976fd6c8c56d33||PAR-1579
camera|36cd4d83519648c15ef6fbe310a9e0ba|probe/36cd4d83519648c15ef6fbe310a9e0ba.mp4|PAR-1579_primary_video|N|Y|||probe/1fdba0740a645635d3d071390ac586a2.mp4|36cd4d83519648c15ef6fbe310a9e0ba.mp4|1fdba0740a645635d3d071390ac586a2||PAR-1579
camera|ee897023e846bd55aa99557be42128c4|probe/ee897023e846bd55aa99557be42128c4.mp4|PAR-1579_primary_video|N|Y|||probe/a219324800adf01dcda8d7451d66f179.mp4|ee897023e846bd55aa99557be42128c4.mp4|a219324800adf01dcda8d7451d66f179||PAR-1579
camera|49b1371871cc44d34bce8bae6cf6c894|probe/49b1371871cc44d34bce8bae6cf6c894.mp4|PAR-1579_primary_video|N|Y|||probe/88793f0962b4d359e4deca6bc7af102f.mp4|49b1371871cc44d34bce8bae6cf6c894.mp4|88793f0962b4d359e4deca6bc7af102f||PAR-1579
camera|d538e0b48359332e53950eae0c70ff86|probe/d538e0b48359332e53950eae0c70ff86.mp4|PAR-1579_primary_video|Y|N|||probe/d538e0b48359332e53950eae0c70ff86.mp4|d538e0b48359332e53950eae0c70ff86.mp4|d538e0b48359332e53950eae0c70ff86||PAR-1579
camera|3632030c1a7705222b6616ebf20593f2|probe/3632030c1a7705222b6616ebf20593f2.mp4|PAR-1579_primary_video|Y|Y|||probe/d538e0b48359332e53950eae0c70ff86.mp4|3632030c1a7705222b6616ebf20593f2.mp4|d538e0b48359332e53950eae0c70ff86||PAR-1579
camera|64928d8d0267b49830b2ca5f6b850b5f|probe/64928d8d0267b49830b2ca5f6b850b5f.mp4|MK-NEX5T_primary_video|N|Y|||probe/fe26257f88a52f481f78479069203645.mp4|64928d8d0267b49830b2ca5f6b850b5f.mp4|fe26257f88a52f481f78479069203645||MK-NEX5T
camera|d0a6d1ea77975e7da35bfd81063fd3fe|probe/d0a6d1ea77975e7da35bfd81063fd3fe.mp4|MK-NEX5T_primary_video|N|Y|||probe/1f7dd097dd583ac27e73dce15cbf1203.mp4|d0a6d1ea77975e7da35bfd81063fd3fe.mp4|1f7dd097dd583ac27e73dce15cbf1203||MK-NEX5T
camera|a94d40dabf90ddcfff0b3afda3e02ad4|probe/a94d40dabf90ddcfff0b3afda3e02ad4.mp4|MK-NEX5T_primary_video|N|Y|||probe/0d57c5e84596a8e937be5b6b50c9cac7.mp4|a94d40dabf90ddcfff0b3afda3e02ad4.mp4|0d57c5e84596a8e937be5b6b50c9cac7||MK-NEX5T
camera|a4fee39a25f2355bcc987037cb144cd4|probe/a4fee39a25f2355bcc987037cb144cd4.3gp|MK-NEX5T_primary_video|N|Y|||probe/071ab744b24e2d8a07747e8772fd6726.mp4|a4fee39a25f2355bcc987037cb144cd4.3gp|071ab744b24e2d8a07747e8772fd6726||MK-NEX5T
camera|8fd2a6c09064750da1ed54befe22edbf|probe/8fd2a6c09064750da1ed54befe22edbf.mp4|MK-NEX5T_primary_video|N|Y|||probe/071ab744b24e2d8a07747e8772fd6726.mp4|8fd2a6c09064750da1ed54befe22edbf.mp4|071ab744b24e2d8a07747e8772fd6726||MK-NEX5T
camera|47cb70ae40f72761687088958131ceb6|probe/47cb70ae40f72761687088958131ceb6.mp4|MK-NEX5T_primary_video|N|Y|||probe/c98fb8c80870b52e088952429ab0d6ef.mp4|47cb70ae40f72761687088958131ceb6.mp4|c98fb8c80870b52e088952429ab0d6ef||MK-NEX5T
camera|42cc7e5d50ebce6ed2dabd89ab3c6b9e|probe/42cc7e5d50ebce6ed2dabd89ab3c6b9e.mts|MK-NEX5T_primary_video|Y|Y|||probe/70b9ac808cf1373c48b8f0d80fbd4507.mts|42cc7e5d50ebce6ed2dabd89ab3c6b9e.mts|70b9ac808cf1373c48b8f0d80fbd4507||MK-NEX5T
camera|a27879234d42f2ecd360fc69a702a1f1|probe/a27879234d42f2ecd360fc69a702a1f1.mts|MK-NEX5T_primary_video|Y|Y|||probe/70b9ac808cf1373c48b8f0d80fbd4507.mts|a27879234d42f2ecd360fc69a702a1f1.mts|70b9ac808cf1373c48b8f0d80fbd4507||MK-NEX5T
camera|a9b5901bf590a8aac3a2150d226e5972|probe/a9b5901bf590a8aac3a2150d226e5972.mts|MK-NEX5T_primary_video|Y|Y|||probe/70b9ac808cf1373c48b8f0d80fbd4507.mts|a9b5901bf590a8aac3a2150d226e5972.mts|70b9ac808cf1373c48b8f0d80fbd4507||MK-NEX5T
camera|26fe7dc24deec7868a6bd60e5aca9e51|probe/26fe7dc24deec7868a6bd60e5aca9e51.mts|MK-NEX5T_primary_video|Y|Y|||probe/70b9ac808cf1373c48b8f0d80fbd4507.mts|26fe7dc24deec7868a6bd60e5aca9e51.mts|70b9ac808cf1373c48b8f0d80fbd4507||MK-NEX5T
camera|21359f7478be481e6f2ec0ce2a2f7656|probe/21359f7478be481e6f2ec0ce2a2f7656.mts|MK-NEX5T_primary_video|Y|Y|||probe/70b9ac808cf1373c48b8f0d80fbd4507.mts|21359f7478be481e6f2ec0ce2a2f7656.mts|70b9ac808cf1373c48b8f0d80fbd4507||MK-NEX5T
camera|70b9ac808cf1373c48b8f0d80fbd4507|probe/70b9ac808cf1373c48b8f0d80fbd4507.mts|MK-NEX5T_primary_video|Y|N|||probe/70b9ac808cf1373c48b8f0d80fbd4507.mts|70b9ac808cf1373c48b8f0d80fbd4507.mts|70b9ac808cf1373c48b8f0d80fbd4507||MK-NEX5T
camera|771a485b6b16fb8218e04986164f781d|probe/771a485b6b16fb8218e04986164f781d.mp4|MK-NEX5T_primary_video|N|Y|||probe/21e1868ccdaeacaf1b3f8686201c8c51.mp4|771a485b6b16fb8218e04986164f781d.mp4|21e1868ccdaeacaf1b3f8686201c8c51||MK-NEX5T
camera|fb7d68d138740670ed9f388ce1c7a341|probe/fb7d68d138740670ed9f388ce1c7a341.mp4|MK-NEX5T_primary_video|N|Y|||probe/ea9c67fa2bdc8a3a720d6d0d423d20b5.mp4|fb7d68d138740670ed9f388ce1c7a341.mp4|ea9c67fa2bdc8a3a720d6d0d423d20b5||MK-NEX5T
camera|a2e69856ae1eb7779ebcfce9a440f91c|probe/a2e69856ae1eb7779ebcfce9a440f91c.mp4|MK-NEX5T_primary_video|N|N|||probe/a2e69856ae1eb7779ebcfce9a440f91c.mp4|a2e69856ae1eb7779ebcfce9a440f91c.mp4|a2e69856ae1eb7779ebcfce9a440f91c||MK-NEX5T
camera|1ccd679cc4c3d872c6dbf7c11e900d72|probe/1ccd679cc4c3d872c6dbf7c11e900d72.mp4|MK-NEX5T_primary_video|N|Y|||probe/dd782554342f27cbc7b50183e9375e6d.mp4|1ccd679cc4c3d872c6dbf7c11e900d72.mp4|dd782554342f27cbc7b50183e9375e6d||MK-NEX5T
camera|601a9fec8060c3a45175d0d6f127d5d6|probe/601a9fec8060c3a45175d0d6f127d5d6.mp4|MK-NEX5T_primary_video|N|Y|||probe/94e53adbf368aab1dec4710de9d203e3.mp4|601a9fec8060c3a45175d0d6f127d5d6.mp4|94e53adbf368aab1dec4710de9d203e3||MK-NEX5T
camera|83f33f74d3140321843a9d9cde720f41|probe/83f33f74d3140321843a9d9cde720f41.mp4|MK-NEX5T_primary_video|N|Y|||probe/60a3d51f6592a0e289c2c8a0a4e1593b.mp4|83f33f74d3140321843a9d9cde720f41.mp4|60a3d51f6592a0e289c2c8a0a4e1593b||MK-NEX5T
camera|26e9f8415c7b7cd8844e08a0764f4fc1|probe/26e9f8415c7b7cd8844e08a0764f4fc1.mp4|MK-NEX5T_primary_video|N|Y|||probe/a827f69d3af269c37721e327d2788f0f.mp4|26e9f8415c7b7cd8844e08a0764f4fc1.mp4|a827f69d3af269c37721e327d2788f0f||MK-NEX5T
camera|221b0253859a5aaed59b9b9c4fbc905a|probe/221b0253859a5aaed59b9b9c4fbc905a.mp4|MK-NEX5T_primary_video|N|Y|||probe/a827f69d3af269c37721e327d2788f0f.mp4|221b0253859a5aaed59b9b9c4fbc905a.mp4|a827f69d3af269c37721e327d2788f0f||MK-NEX5T
camera|db42f94eeaa82e3814bbcc2f221333f8|probe/db42f94eeaa82e3814bbcc2f221333f8.mp4|MK-NEX5T_primary_video|N|Y|||probe/a827f69d3af269c37721e327d2788f0f.mp4|db42f94eeaa82e3814bbcc2f221333f8.mp4|a827f69d3af269c37721e327d2788f0f||MK-NEX5T
camera|e9bb4a3e68002fd0f687d1df59f0dab5|probe/e9bb4a3e68002fd0f687d1df59f0dab5.mp4|MK-NEX5T_primary_video|N|N|||probe/e9bb4a3e68002fd0f687d1df59f0dab5.mp4|e9bb4a3e68002fd0f687d1df59f0dab5.mp4|e9bb4a3e68002fd0f687d1df59f0dab5||MK-NEX5T
camera|6d06bcef8c653bdeee8ee1e5af649861|probe/6d06bcef8c653bdeee8ee1e5af649861.mp4|MK-NEX5T_primary_video|N|Y|||probe/e9bb4a3e68002fd0f687d1df59f0dab5.mp4|6d06bcef8c653bdeee8ee1e5af649861.mp4|e9bb4a3e68002fd0f687d1df59f0dab5||MK-NEX5T
camera|f2216a894706616e5ea3f4185727d896|probe/f2216a894706616e5ea3f4185727d896.mp4|MK-NEX5T_primary_video|N|Y|||probe/42d061dee4eb2655ab976fd6c8c56d33.mp4|f2216a894706616e5ea3f4185727d896.mp4|42d061dee4eb2655ab976fd6c8c56d33||MK-NEX5T
camera|3a6ea0353897d4ea3fdf86bdbcfe0cf8|probe/3a6ea0353897d4ea3fdf86bdbcfe0cf8.mp4|MK-NEX5T_primary_video|N|N|||probe/3a6ea0353897d4ea3fdf86bdbcfe0cf8.mp4|3a6ea0353897d4ea3fdf86bdbcfe0cf8.mp4|3a6ea0353897d4ea3fdf86bdbcfe0cf8||MK-NEX5T
camera|7c2b9594bb14a7eaae3c877ca7498f88|probe/7c2b9594bb14a7eaae3c877ca7498f88.mp4|MK-NEX5T_primary_video|N|Y|||probe/95ce8ffcc7dff02040495389332085aa.mp4|7c2b9594bb14a7eaae3c877ca7498f88.mp4|95ce8ffcc7dff02040495389332085aa||MK-NEX5T
camera|224936ac66aedfacc427526167e845f3|probe/224936ac66aedfacc427526167e845f3.mp4|MK-NEX5T_primary_video|N|Y|||probe/1f1753939fc16e131cd53bb8baace0db.mp4|224936ac66aedfacc427526167e845f3.mp4|1f1753939fc16e131cd53bb8baace0db||MK-NEX5T
camera|64928d8d0267b49830b2ca5f6b850b5f|probe/64928d8d0267b49830b2ca5f6b850b5f.mp4|PAR-1477_primary_video|Y|Y|||probe/fe26257f88a52f481f78479069203645.mp4|64928d8d0267b49830b2ca5f6b850b5f.mp4|fe26257f88a52f481f78479069203645||PAR-1477
camera|fe26257f88a52f481f78479069203645|probe/fe26257f88a52f481f78479069203645.mp4|PAR-1477_primary_video|Y|N|||probe/fe26257f88a52f481f78479069203645.mp4|fe26257f88a52f481f78479069203645.mp4|fe26257f88a52f481f78479069203645||PAR-1477
camera|dc9dcb28f7515b85e36995ca4465769c|probe/dc9dcb28f7515b85e36995ca4465769c.3gp|PAR-1477_primary_video|N|Y|||probe/001c934acb38a59cb28b680b79485dcd.mp4|dc9dcb28f7515b85e36995ca4465769c.3gp|001c934acb38a59cb28b680b79485dcd||PAR-1477
camera|26fe7dc24deec7868a6bd60e5aca9e51|probe/26fe7dc24deec7868a6bd60e5aca9e51.mts|PAR-1477_primary_video|N|Y|||probe/70b9ac808cf1373c48b8f0d80fbd4507.mts|26fe7dc24deec7868a6bd60e5aca9e51.mts|70b9ac808cf1373c48b8f0d80fbd4507||PAR-1477
camera|0b62bd579dbf1797e188679a0d87481c|probe/0b62bd579dbf1797e188679a0d87481c.3gp|PAR-1477_primary_video|N|Y|||probe/93f07e2ce6e3fa0f5e2e845a32bd537d.mp4|0b62bd579dbf1797e188679a0d87481c.3gp|93f07e2ce6e3fa0f5e2e845a32bd537d||PAR-1477
camera|b145276fe008824d32062167f5864fbb|probe/b145276fe008824d32062167f5864fbb.mp4|PAR-1477_primary_video|N|Y|||probe/ea9c67fa2bdc8a3a720d6d0d423d20b5.mp4|b145276fe008824d32062167f5864fbb.mp4|ea9c67fa2bdc8a3a720d6d0d423d20b5||PAR-1477
camera|e70ac0455dbea7409c821c3a9353b15c|probe/e70ac0455dbea7409c821c3a9353b15c.mp4|PAR-1477_primary_video|N|Y|||probe/94e53adbf368aab1dec4710de9d203e3.mp4|e70ac0455dbea7409c821c3a9353b15c.mp4|94e53adbf368aab1dec4710de9d203e3||PAR-1477
camera|267bc13fca4bc1cbd8fecb803af870f6|probe/267bc13fca4bc1cbd8fecb803af870f6.mp4|PAR-1477_primary_video|N|Y|||probe/60a3d51f6592a0e289c2c8a0a4e1593b.mp4|267bc13fca4bc1cbd8fecb803af870f6.mp4|60a3d51f6592a0e289c2c8a0a4e1593b||PAR-1477
camera|9a3d16495aa36e213d9ee05d1163b924|probe/9a3d16495aa36e213d9ee05d1163b924.mp4|PAR-1477_primary_video|N|Y|||probe/7535457331c10fdb7106bdd0865a599f.mp4|9a3d16495aa36e213d9ee05d1163b924.mp4|7535457331c10fdb7106bdd0865a599f||PAR-1477
camera|84aac34d61796362ef3c27cfb9e633f3|probe/84aac34d61796362ef3c27cfb9e633f3.mp4|PAR-1477_primary_video|N|Y|||probe/5c790703823fec4794bcc0a84f412402.mp4|84aac34d61796362ef3c27cfb9e633f3.mp4|5c790703823fec4794bcc0a84f412402||PAR-1477
camera|30dab3fe51f319a91da09fc4a7769759|probe/30dab3fe51f319a91da09fc4a7769759.mp4|PAR-1477_primary_video|N|N|||probe/30dab3fe51f319a91da09fc4a7769759.mp4|30dab3fe51f319a91da09fc4a7769759.mp4|30dab3fe51f319a91da09fc4a7769759||PAR-1477
camera|cc682c491cbe26acdb8495899d6a15bf|probe/cc682c491cbe26acdb8495899d6a15bf.mp4|PAR-1477_primary_video|N|Y|||probe/3bd49163a9d7661d83236132686c8ae6.mp4|cc682c491cbe26acdb8495899d6a15bf.mp4|3bd49163a9d7661d83236132686c8ae6||PAR-1477
camera|226f5e793a1b05867c229fae1d165da6|probe/226f5e793a1b05867c229fae1d165da6.mp4|PAR-1477_primary_video|N|Y|||probe/4a47018f2029a047659fa58cc17beb2f.mp4|226f5e793a1b05867c229fae1d165da6.mp4|4a47018f2029a047659fa58cc17beb2f||PAR-1477
camera|4ed8f0f64ea0f93ed4a8f36ffa34046e|probe/4ed8f0f64ea0f93ed4a8f36ffa34046e.mp4|PAR-1477_primary_video|N|Y|||probe/42d061dee4eb2655ab976fd6c8c56d33.mp4|4ed8f0f64ea0f93ed4a8f36ffa34046e.mp4|42d061dee4eb2655ab976fd6c8c56d33||PAR-1477
camera|271caf4b0e439eb05b4d515746eed9af|probe/271caf4b0e439eb05b4d515746eed9af.mp4|PAR-1477_primary_video|N|Y|||probe/5e562dd89dd28144fb0424cb23341d8b.mp4|271caf4b0e439eb05b4d515746eed9af.mp4|5e562dd89dd28144fb0424cb23341d8b||PAR-1477
camera|ecbdc702a5a846b2f30c03de9b592cec|probe/ecbdc702a5a846b2f30c03de9b592cec.mp4|PAR-1477_primary_video|N|Y|||probe/7fcbe334e6314ab39a122e7e90dcf167.mp4|ecbdc702a5a846b2f30c03de9b592cec.mp4|7fcbe334e6314ab39a122e7e90dcf167||PAR-1477
camera|5ce077f78079a33ac764e1699aacf500|probe/5ce077f78079a33ac764e1699aacf500.mp4|PAR-1477_primary_video|N|Y|||probe/7fcbe334e6314ab39a122e7e90dcf167.mp4|5ce077f78079a33ac764e1699aacf500.mp4|7fcbe334e6314ab39a122e7e90dcf167||PAR-1477
camera|d0c2a909c5b212738085d5e57c0a8887|probe/d0c2a909c5b212738085d5e57c0a8887.mp4|PAR-1477_primary_video|N|N|||probe/d0c2a909c5b212738085d5e57c0a8887.mp4|d0c2a909c5b212738085d5e57c0a8887.mp4|d0c2a909c5b212738085d5e57c0a8887||PAR-1477
camera|59aa06ddcad9a21e29cdd19468ffcfd4|probe/59aa06ddcad9a21e29cdd19468ffcfd4.mp4|PAR-1477_primary_video|N|Y|||probe/2b51f931eb8423c0fa552473d725c421.mp4|59aa06ddcad9a21e29cdd19468ffcfd4.mp4|2b51f931eb8423c0fa552473d725c421||PAR-1477
camera|2b51f931eb8423c0fa552473d725c421|probe/2b51f931eb8423c0fa552473d725c421.mp4|PAR-1477_primary_video|N|N|||probe/2b51f931eb8423c0fa552473d725c421.mp4|2b51f931eb8423c0fa552473d725c421.mp4|2b51f931eb8423c0fa552473d725c421||PAR-1477
camera|d0ed245eca809937cf130ac065754eb4|probe/d0ed245eca809937cf130ac065754eb4.mp4|PAR-1477_primary_video|N|N|||probe/d0ed245eca809937cf130ac065754eb4.mp4|d0ed245eca809937cf130ac065754eb4.mp4|d0ed245eca809937cf130ac065754eb4||PAR-1477
camera|3f56db3ec83f595d36521da752e57475|probe/3f56db3ec83f595d36521da752e57475.mp4|PAR-1233_primary_video|N|Y|||probe/ab7f2a5ba0455e62e4ed8d644f10bf96.mp4|3f56db3ec83f595d36521da752e57475.mp4|ab7f2a5ba0455e62e4ed8d644f10bf96||PAR-1233
camera|b0a761cc3519d7dc5292af2c780d136b|probe/b0a761cc3519d7dc5292af2c780d136b.mp4|PAR-1233_primary_video|N|Y|||probe/0d57c5e84596a8e937be5b6b50c9cac7.mp4|b0a761cc3519d7dc5292af2c780d136b.mp4|0d57c5e84596a8e937be5b6b50c9cac7||PAR-1233
camera|377ded5a38579fdc3ce11b259ee4ba52|probe/377ded5a38579fdc3ce11b259ee4ba52.mp4|PAR-1233_primary_video|N|Y|||probe/c98fb8c80870b52e088952429ab0d6ef.mp4|377ded5a38579fdc3ce11b259ee4ba52.mp4|c98fb8c80870b52e088952429ab0d6ef||PAR-1233
camera|320ecd72a2b2f6261a04b00f22957c84|probe/320ecd72a2b2f6261a04b00f22957c84.3gp|PAR-1233_primary_video|N|Y|||probe/c98fb8c80870b52e088952429ab0d6ef.mp4|320ecd72a2b2f6261a04b00f22957c84.3gp|c98fb8c80870b52e088952429ab0d6ef||PAR-1233
camera|ab41d93f21b121c74b97954a323b6a40|probe/ab41d93f21b121c74b97954a323b6a40.mp4|PAR-1233_primary_video|N|Y|||probe/c98fb8c80870b52e088952429ab0d6ef.mp4|ab41d93f21b121c74b97954a323b6a40.mp4|c98fb8c80870b52e088952429ab0d6ef||PAR-1233
camera|c110a14b7bbdf383f9ea380363c72c6d|probe/c110a14b7bbdf383f9ea380363c72c6d.mp4|PAR-1233_primary_video|N|Y|||probe/21e1868ccdaeacaf1b3f8686201c8c51.mp4|c110a14b7bbdf383f9ea380363c72c6d.mp4|21e1868ccdaeacaf1b3f8686201c8c51||PAR-1233
camera|21e1868ccdaeacaf1b3f8686201c8c51|probe/21e1868ccdaeacaf1b3f8686201c8c51.mp4|PAR-1233_primary_video|N|N|||probe/21e1868ccdaeacaf1b3f8686201c8c51.mp4|21e1868ccdaeacaf1b3f8686201c8c51.mp4|21e1868ccdaeacaf1b3f8686201c8c51||PAR-1233
camera|523635bc83c6908933e5e0087ac247a1|probe/523635bc83c6908933e5e0087ac247a1.mp4|PAR-1233_primary_video|N|N|||probe/523635bc83c6908933e5e0087ac247a1.mp4|523635bc83c6908933e5e0087ac247a1.mp4|523635bc83c6908933e5e0087ac247a1||PAR-1233
camera|29f61f508bfa57840587cd2f5c13ea9d|probe/29f61f508bfa57840587cd2f5c13ea9d.mp4|PAR-1233_primary_video|N|Y|||probe/ea9c67fa2bdc8a3a720d6d0d423d20b5.mp4|29f61f508bfa57840587cd2f5c13ea9d.mp4|ea9c67fa2bdc8a3a720d6d0d423d20b5||PAR-1233
camera|3a5cf9d11d47f1c0745d5ed7b42da22a|probe/3a5cf9d11d47f1c0745d5ed7b42da22a.mp4|PAR-1233_primary_video|N|N|||probe/3a5cf9d11d47f1c0745d5ed7b42da22a.mp4|3a5cf9d11d47f1c0745d5ed7b42da22a.mp4|3a5cf9d11d47f1c0745d5ed7b42da22a||PAR-1233
camera|b74e680bc0d5cc4ac1c70410a9a2f51c|probe/b74e680bc0d5cc4ac1c70410a9a2f51c.mp4|PAR-1233_primary_video|N|Y|||probe/60a3d51f6592a0e289c2c8a0a4e1593b.mp4|b74e680bc0d5cc4ac1c70410a9a2f51c.mp4|60a3d51f6592a0e289c2c8a0a4e1593b||PAR-1233
camera|9161ffd6eddf78c0532752645b9bc6e1|probe/9161ffd6eddf78c0532752645b9bc6e1.mp4|PAR-1233_primary_video|N|Y|||probe/60a3d51f6592a0e289c2c8a0a4e1593b.mp4|9161ffd6eddf78c0532752645b9bc6e1.mp4|60a3d51f6592a0e289c2c8a0a4e1593b||PAR-1233
camera|7535457331c10fdb7106bdd0865a599f|probe/7535457331c10fdb7106bdd0865a599f.mp4|PAR-1233_primary_video|N|N|||probe/7535457331c10fdb7106bdd0865a599f.mp4|7535457331c10fdb7106bdd0865a599f.mp4|7535457331c10fdb7106bdd0865a599f||PAR-1233
camera|fe513baaf0cafc935b7b3774aed85a27|probe/fe513baaf0cafc935b7b3774aed85a27.mp4|PAR-1233_primary_video|N|Y|||probe/a827f69d3af269c37721e327d2788f0f.mp4|fe513baaf0cafc935b7b3774aed85a27.mp4|a827f69d3af269c37721e327d2788f0f||PAR-1233
camera|9e90793f941c92ff10ea6ade4fcbabbe|probe/9e90793f941c92ff10ea6ade4fcbabbe.3gp|PAR-1233_primary_video|N|Y|||probe/a827f69d3af269c37721e327d2788f0f.mp4|9e90793f941c92ff10ea6ade4fcbabbe.3gp|a827f69d3af269c37721e327d2788f0f||PAR-1233
camera|5fec6d1be39e3207f4b98fea8616d788|probe/5fec6d1be39e3207f4b98fea8616d788.mp4|PAR-1233_primary_video|N|Y|||probe/383f78c882ab959fc4e7c396f787d748.mp4|5fec6d1be39e3207f4b98fea8616d788.mp4|383f78c882ab959fc4e7c396f787d748||PAR-1233
camera|383f78c882ab959fc4e7c396f787d748|probe/383f78c882ab959fc4e7c396f787d748.mp4|PAR-1233_primary_video|N|N|||probe/383f78c882ab959fc4e7c396f787d748.mp4|383f78c882ab959fc4e7c396f787d748.mp4|383f78c882ab959fc4e7c396f787d748||PAR-1233
camera|4224be497ef0eb5c7c42ab0a93b17d64|probe/4224be497ef0eb5c7c42ab0a93b17d64.mov|PAR-1233_primary_video|N|Y|||probe/3a37d3c94d635eae7f289274fc868dcf.mov|4224be497ef0eb5c7c42ab0a93b17d64.mov|3a37d3c94d635eae7f289274fc868dcf||PAR-1233
camera|30dab3fe51f319a91da09fc4a7769759|probe/30dab3fe51f319a91da09fc4a7769759.mp4|PAR-1233_primary_video|Y|N|||probe/30dab3fe51f319a91da09fc4a7769759.mp4|30dab3fe51f319a91da09fc4a7769759.mp4|30dab3fe51f319a91da09fc4a7769759||PAR-1233
camera|60c17f090a47906ac615e0b7ddb4836a|probe/60c17f090a47906ac615e0b7ddb4836a.mp4|PAR-1233_primary_video|Y|Y|||probe/30dab3fe51f319a91da09fc4a7769759.mp4|60c17f090a47906ac615e0b7ddb4836a.mp4|30dab3fe51f319a91da09fc4a7769759||PAR-1233
camera|fd59c4e46e2bd4e42d08f785bef2c3b1|probe/fd59c4e46e2bd4e42d08f785bef2c3b1.mp4|PAR-1233_primary_video|N|N|||probe/fd59c4e46e2bd4e42d08f785bef2c3b1.mp4|fd59c4e46e2bd4e42d08f785bef2c3b1.mp4|fd59c4e46e2bd4e42d08f785bef2c3b1||PAR-1233
camera|7ba8341bf78f3e656f9ff5dab231fc54|probe/7ba8341bf78f3e656f9ff5dab231fc54.mp4|PAR-1233_primary_video|N|N|||probe/7ba8341bf78f3e656f9ff5dab231fc54.mp4|7ba8341bf78f3e656f9ff5dab231fc54.mp4|7ba8341bf78f3e656f9ff5dab231fc54||PAR-1233
camera|2bfe7d6a032e7460add10311a04d01cb|probe/2bfe7d6a032e7460add10311a04d01cb.mp4|PAR-1233_primary_video|N|Y|||probe/7ba8341bf78f3e656f9ff5dab231fc54.mp4|2bfe7d6a032e7460add10311a04d01cb.mp4|7ba8341bf78f3e656f9ff5dab231fc54||PAR-1233
camera|a124b34bc34d30f11445390a42cbef9d|probe/a124b34bc34d30f11445390a42cbef9d.mp4|PAR-1233_primary_video|N|Y|||probe/3a6ea0353897d4ea3fdf86bdbcfe0cf8.mp4|a124b34bc34d30f11445390a42cbef9d.mp4|3a6ea0353897d4ea3fdf86bdbcfe0cf8||PAR-1233
camera|28eb03331bf2b816476a2e87616e4292|probe/28eb03331bf2b816476a2e87616e4292.mp4|PAR-1233_primary_video|N|Y|||probe/80477616336656ef2af661a79676a55a.mp4|28eb03331bf2b816476a2e87616e4292.mp4|80477616336656ef2af661a79676a55a||PAR-1233
camera|fc6ff387bfea183a5ba9f0a95ad40c95|probe/fc6ff387bfea183a5ba9f0a95ad40c95.mp4|PAR-1233_primary_video|N|N|||probe/fc6ff387bfea183a5ba9f0a95ad40c95.mp4|fc6ff387bfea183a5ba9f0a95ad40c95.mp4|fc6ff387bfea183a5ba9f0a95ad40c95||PAR-1233
camera|2b66c237b04c88068f827f9d1a9fe72a|probe/2b66c237b04c88068f827f9d1a9fe72a.mp4|PAR-1233_primary_video|N|Y|||probe/fc6ff387bfea183a5ba9f0a95ad40c95.mp4|2b66c237b04c88068f827f9d1a9fe72a.mp4|fc6ff387bfea183a5ba9f0a95ad40c95||PAR-1233
camera|db6c5962f4e52b75e415fd348e5a63a2|probe/db6c5962f4e52b75e415fd348e5a63a2.mp4|PAR-1233_primary_video|N|Y|||probe/88793f0962b4d359e4deca6bc7af102f.mp4|db6c5962f4e52b75e415fd348e5a63a2.mp4|88793f0962b4d359e4deca6bc7af102f||PAR-1233
camera|e1662b7f6547109daa5a4e04781c675d|probe/e1662b7f6547109daa5a4e04781c675d.mp4|PAR-1233_primary_video|N|N|||probe/e1662b7f6547109daa5a4e04781c675d.mp4|e1662b7f6547109daa5a4e04781c675d.mp4|e1662b7f6547109daa5a4e04781c675d||PAR-1233
camera|45042cf888408680c0b688fb2639b930|probe/45042cf888408680c0b688fb2639b930.mp4|5000810_primary_video|N|Y|||probe/1f7dd097dd583ac27e73dce15cbf1203.mp4|45042cf888408680c0b688fb2639b930.mp4|1f7dd097dd583ac27e73dce15cbf1203||5000810
camera|3034677b9f4fe1313a7c192cf0947f29|probe/3034677b9f4fe1313a7c192cf0947f29.mp4|5000810_primary_video|N|Y|||probe/071ab744b24e2d8a07747e8772fd6726.mp4|3034677b9f4fe1313a7c192cf0947f29.mp4|071ab744b24e2d8a07747e8772fd6726||5000810
camera|c98fb8c80870b52e088952429ab0d6ef|probe/c98fb8c80870b52e088952429ab0d6ef.mp4|5000810_primary_video|N|N|||probe/c98fb8c80870b52e088952429ab0d6ef.mp4|c98fb8c80870b52e088952429ab0d6ef.mp4|c98fb8c80870b52e088952429ab0d6ef||5000810
camera|21359f7478be481e6f2ec0ce2a2f7656|probe/21359f7478be481e6f2ec0ce2a2f7656.mts|5000810_primary_video|N|Y|||probe/70b9ac808cf1373c48b8f0d80fbd4507.mts|21359f7478be481e6f2ec0ce2a2f7656.mts|70b9ac808cf1373c48b8f0d80fbd4507||5000810
camera|a27879234d42f2ecd360fc69a702a1f1|probe/a27879234d42f2ecd360fc69a702a1f1.mts|5000810_primary_video|N|Y|||probe/70b9ac808cf1373c48b8f0d80fbd4507.mts|a27879234d42f2ecd360fc69a702a1f1.mts|70b9ac808cf1373c48b8f0d80fbd4507||5000810
camera|42cc7e5d50ebce6ed2dabd89ab3c6b9e|probe/42cc7e5d50ebce6ed2dabd89ab3c6b9e.mts|5000810_primary_video|N|Y|||probe/70b9ac808cf1373c48b8f0d80fbd4507.mts|42cc7e5d50ebce6ed2dabd89ab3c6b9e.mts|70b9ac808cf1373c48b8f0d80fbd4507||5000810
camera|17708284a6eb1fb7b3cd65ac525dbf3e|probe/17708284a6eb1fb7b3cd65ac525dbf3e.mp4|5000810_primary_video|N|N|||probe/17708284a6eb1fb7b3cd65ac525dbf3e.mp4|17708284a6eb1fb7b3cd65ac525dbf3e.mp4|17708284a6eb1fb7b3cd65ac525dbf3e||5000810
camera|58a8e6908f7c0c268c8259bc37c5758c|probe/58a8e6908f7c0c268c8259bc37c5758c.mp4|5000810_primary_video|N|Y|||probe/523635bc83c6908933e5e0087ac247a1.mp4|58a8e6908f7c0c268c8259bc37c5758c.mp4|523635bc83c6908933e5e0087ac247a1||5000810
camera|eb77534b5d09f5c7af95afed00d69fdc|probe/eb77534b5d09f5c7af95afed00d69fdc.mp4|5000810_primary_video|N|N|||probe/eb77534b5d09f5c7af95afed00d69fdc.mp4|eb77534b5d09f5c7af95afed00d69fdc.mp4|eb77534b5d09f5c7af95afed00d69fdc||5000810
camera|fb1fcb64ae3666e50e92b4bf09933854|probe/fb1fcb64ae3666e50e92b4bf09933854.mp4|5000810_primary_video|N|Y|||probe/eb77534b5d09f5c7af95afed00d69fdc.mp4|fb1fcb64ae3666e50e92b4bf09933854.mp4|eb77534b5d09f5c7af95afed00d69fdc||5000810
camera|363fd333bddd3de69e56448d800eddf4|probe/363fd333bddd3de69e56448d800eddf4.mp4|5000810_primary_video|N|Y|||probe/a2e69856ae1eb7779ebcfce9a440f91c.mp4|363fd333bddd3de69e56448d800eddf4.mp4|a2e69856ae1eb7779ebcfce9a440f91c||5000810
camera|3371d79f82116f477b9b836637ee9ad8|probe/3371d79f82116f477b9b836637ee9ad8.mp4|5000810_primary_video|N|Y|||probe/3a5cf9d11d47f1c0745d5ed7b42da22a.mp4|3371d79f82116f477b9b836637ee9ad8.mp4|3a5cf9d11d47f1c0745d5ed7b42da22a||5000810
camera|4e0c39b62761b6bcf2c617b6e2c9a1fd|probe/4e0c39b62761b6bcf2c617b6e2c9a1fd.mp4|5000810_primary_video|N|Y|||probe/94e53adbf368aab1dec4710de9d203e3.mp4|4e0c39b62761b6bcf2c617b6e2c9a1fd.mp4|94e53adbf368aab1dec4710de9d203e3||5000810
camera|ea9645e3c1ff3ff6214310c96959d57c|probe/ea9645e3c1ff3ff6214310c96959d57c.mp4|5000810_primary_video|N|Y|||probe/172864832d46c8f95b625db6d00e2311.mp4|ea9645e3c1ff3ff6214310c96959d57c.mp4|172864832d46c8f95b625db6d00e2311||5000810
camera|c084344b309454261eae9d2e52cd3b70|probe/c084344b309454261eae9d2e52cd3b70.mp4|5000810_primary_video|N|Y|||probe/383f78c882ab959fc4e7c396f787d748.mp4|c084344b309454261eae9d2e52cd3b70.mp4|383f78c882ab959fc4e7c396f787d748||5000810
camera|4224be497ef0eb5c7c42ab0a93b17d64|probe/4224be497ef0eb5c7c42ab0a93b17d64.mov|5000810_primary_video|Y|Y|||probe/3a37d3c94d635eae7f289274fc868dcf.mov|4224be497ef0eb5c7c42ab0a93b17d64.mov|3a37d3c94d635eae7f289274fc868dcf||5000810
camera|3a37d3c94d635eae7f289274fc868dcf|probe/3a37d3c94d635eae7f289274fc868dcf.mov|5000810_primary_video|Y|N|||probe/3a37d3c94d635eae7f289274fc868dcf.mov|3a37d3c94d635eae7f289274fc868dcf.mov|3a37d3c94d635eae7f289274fc868dcf||5000810
camera|81fe1429a696521d70f4725563b43dd7|probe/81fe1429a696521d70f4725563b43dd7.mp4|5000810_primary_video|N|Y|||probe/e9bb4a3e68002fd0f687d1df59f0dab5.mp4|81fe1429a696521d70f4725563b43dd7.mp4|e9bb4a3e68002fd0f687d1df59f0dab5||5000810
camera|382f965ea9225a9ad1e3302460965d3b|probe/382f965ea9225a9ad1e3302460965d3b.mp4|5000810_primary_video|N|Y|||probe/bf30c03e7176462e02172508c59530b9.mp4|382f965ea9225a9ad1e3302460965d3b.mp4|bf30c03e7176462e02172508c59530b9||5000810
camera|85ffa0eb48506144f1413e88229d385a|probe/85ffa0eb48506144f1413e88229d385a.mp4|5000810_primary_video|N|Y|||probe/fd59c4e46e2bd4e42d08f785bef2c3b1.mp4|85ffa0eb48506144f1413e88229d385a.mp4|fd59c4e46e2bd4e42d08f785bef2c3b1||5000810
camera|aa126943bac9401f3e06f69c51906b4b|probe/aa126943bac9401f3e06f69c51906b4b.mp4|5000810_primary_video|N|N|||probe/aa126943bac9401f3e06f69c51906b4b.mp4|aa126943bac9401f3e06f69c51906b4b.mp4|aa126943bac9401f3e06f69c51906b4b||5000810
camera|b67d979fc950730b8f94e74b0cb989fb|probe/b67d979fc950730b8f94e74b0cb989fb.mp4|5000810_primary_video|N|N|||probe/b67d979fc950730b8f94e74b0cb989fb.mp4|b67d979fc950730b8f94e74b0cb989fb.mp4|b67d979fc950730b8f94e74b0cb989fb||5000810
camera|6635263ffffe20b1985bc7d5deca7e06|probe/6635263ffffe20b1985bc7d5deca7e06.mp4|5000810_primary_video|N|N|||probe/6635263ffffe20b1985bc7d5deca7e06.mp4|6635263ffffe20b1985bc7d5deca7e06.mp4|6635263ffffe20b1985bc7d5deca7e06||5000810
camera|6266e40911ab52840e1c69666f6d2101|probe/6266e40911ab52840e1c69666f6d2101.mp4|5000810_primary_video|N|Y|||probe/2b51f931eb8423c0fa552473d725c421.mp4|6266e40911ab52840e1c69666f6d2101.mp4|2b51f931eb8423c0fa552473d725c421||5000810
camera|920d93f8255595cd558e5b8263717de5|probe/920d93f8255595cd558e5b8263717de5.mov|5000810_primary_video|N|N|||probe/920d93f8255595cd558e5b8263717de5.mov|920d93f8255595cd558e5b8263717de5.mov|920d93f8255595cd558e5b8263717de5||5000810
camera|f8d2ed5d34124e8ad3bd4d4a1d108184|probe/f8d2ed5d34124e8ad3bd4d4a1d108184.mp4|PAR-3196_primary_video|Y|Y|||probe/0d57c5e84596a8e937be5b6b50c9cac7.mp4|f8d2ed5d34124e8ad3bd4d4a1d108184.mp4|0d57c5e84596a8e937be5b6b50c9cac7||PAR-3196
camera|0d57c5e84596a8e937be5b6b50c9cac7|probe/0d57c5e84596a8e937be5b6b50c9cac7.mp4|PAR-3196_primary_video|Y|N|||probe/0d57c5e84596a8e937be5b6b50c9cac7.mp4|0d57c5e84596a8e937be5b6b50c9cac7.mp4|0d57c5e84596a8e937be5b6b50c9cac7||PAR-3196
camera|99ab4d8abd343a4302569a054da37eeb|probe/99ab4d8abd343a4302569a054da37eeb.mp4|PAR-3196_primary_video|Y|Y|||probe/0d57c5e84596a8e937be5b6b50c9cac7.mp4|99ab4d8abd343a4302569a054da37eeb.mp4|0d57c5e84596a8e937be5b6b50c9cac7||PAR-3196
camera|a94d40dabf90ddcfff0b3afda3e02ad4|probe/a94d40dabf90ddcfff0b3afda3e02ad4.mp4|PAR-3196_primary_video|Y|Y|||probe/0d57c5e84596a8e937be5b6b50c9cac7.mp4|a94d40dabf90ddcfff0b3afda3e02ad4.mp4|0d57c5e84596a8e937be5b6b50c9cac7||PAR-3196
camera|61d7466fce5b3f1f57cba5fce87e445c|probe/61d7466fce5b3f1f57cba5fce87e445c.mp4|PAR-3196_primary_video|Y|Y|||probe/0d57c5e84596a8e937be5b6b50c9cac7.mp4|61d7466fce5b3f1f57cba5fce87e445c.mp4|0d57c5e84596a8e937be5b6b50c9cac7||PAR-3196
camera|b0a761cc3519d7dc5292af2c780d136b|probe/b0a761cc3519d7dc5292af2c780d136b.mp4|PAR-3196_primary_video|Y|Y|||probe/0d57c5e84596a8e937be5b6b50c9cac7.mp4|b0a761cc3519d7dc5292af2c780d136b.mp4|0d57c5e84596a8e937be5b6b50c9cac7||PAR-3196
camera|713d55990723712210f15f6af0ad0355|probe/713d55990723712210f15f6af0ad0355.mp4|PAR-3196_primary_video|Y|Y|||probe/0b26ee0691794324592fab44b65e104f.mp4|713d55990723712210f15f6af0ad0355.mp4|0b26ee0691794324592fab44b65e104f||PAR-3196
camera|0b26ee0691794324592fab44b65e104f|probe/0b26ee0691794324592fab44b65e104f.mp4|PAR-3196_primary_video|Y|N|||probe/0b26ee0691794324592fab44b65e104f.mp4|0b26ee0691794324592fab44b65e104f.mp4|0b26ee0691794324592fab44b65e104f||PAR-3196
camera|714974ca5d63f24982c32187b4df6be3|probe/714974ca5d63f24982c32187b4df6be3.3gp|PAR-3196_primary_video|Y|Y|||probe/001c934acb38a59cb28b680b79485dcd.mp4|714974ca5d63f24982c32187b4df6be3.3gp|001c934acb38a59cb28b680b79485dcd||PAR-3196
camera|eeb5fef2f2a880aba8eb8d2e2adf41fd|probe/eeb5fef2f2a880aba8eb8d2e2adf41fd.mp4|PAR-3196_primary_video|Y|Y|||probe/001c934acb38a59cb28b680b79485dcd.mp4|eeb5fef2f2a880aba8eb8d2e2adf41fd.mp4|001c934acb38a59cb28b680b79485dcd||PAR-3196
camera|5c5f5dac9857bb5b22a691ce95df86f5|probe/5c5f5dac9857bb5b22a691ce95df86f5.3gp|PAR-3196_primary_video|Y|Y|||probe/001c934acb38a59cb28b680b79485dcd.mp4|5c5f5dac9857bb5b22a691ce95df86f5.3gp|001c934acb38a59cb28b680b79485dcd||PAR-3196
camera|001c934acb38a59cb28b680b79485dcd|probe/001c934acb38a59cb28b680b79485dcd.mp4|PAR-3196_primary_video|Y|N|||probe/001c934acb38a59cb28b680b79485dcd.mp4|001c934acb38a59cb28b680b79485dcd.mp4|001c934acb38a59cb28b680b79485dcd||PAR-3196
camera|9a09380e01269d02990a944b782ea902|probe/9a09380e01269d02990a944b782ea902.mp4|PAR-3196_primary_video|Y|Y|||probe/001c934acb38a59cb28b680b79485dcd.mp4|9a09380e01269d02990a944b782ea902.mp4|001c934acb38a59cb28b680b79485dcd||PAR-3196
camera|e26e86c72de5298efe679592b6b33c65|probe/e26e86c72de5298efe679592b6b33c65.mp4|PAR-3196_primary_video|Y|Y|||probe/001c934acb38a59cb28b680b79485dcd.mp4|e26e86c72de5298efe679592b6b33c65.mp4|001c934acb38a59cb28b680b79485dcd||PAR-3196
camera|dc9dcb28f7515b85e36995ca4465769c|probe/dc9dcb28f7515b85e36995ca4465769c.3gp|PAR-3196_primary_video|Y|Y|||probe/001c934acb38a59cb28b680b79485dcd.mp4|dc9dcb28f7515b85e36995ca4465769c.3gp|001c934acb38a59cb28b680b79485dcd||PAR-3196
camera|e53d5a577bc3e27d15cabbe2a781c73a|probe/e53d5a577bc3e27d15cabbe2a781c73a.mp4|PAR-3196_primary_video|Y|N|||probe/e53d5a577bc3e27d15cabbe2a781c73a.mp4|e53d5a577bc3e27d15cabbe2a781c73a.mp4|e53d5a577bc3e27d15cabbe2a781c73a||PAR-3196
camera|23c81796258a9124b6c4f61a2157a936|probe/23c81796258a9124b6c4f61a2157a936.mp4|PAR-3196_primary_video|Y|Y|||probe/e53d5a577bc3e27d15cabbe2a781c73a.mp4|23c81796258a9124b6c4f61a2157a936.mp4|e53d5a577bc3e27d15cabbe2a781c73a||PAR-3196
camera|fdadeecd2bf99bc2329ca2f64467dcab|probe/fdadeecd2bf99bc2329ca2f64467dcab.mp4|PAR-3196_primary_video|Y|Y|||probe/0a1f229e64a42c685d347fda749b7fbf.mp4|fdadeecd2bf99bc2329ca2f64467dcab.mp4|0a1f229e64a42c685d347fda749b7fbf||PAR-3196
camera|0a1f229e64a42c685d347fda749b7fbf|probe/0a1f229e64a42c685d347fda749b7fbf.mp4|PAR-3196_primary_video|Y|N|||probe/0a1f229e64a42c685d347fda749b7fbf.mp4|0a1f229e64a42c685d347fda749b7fbf.mp4|0a1f229e64a42c685d347fda749b7fbf||PAR-3196
camera|cd825db0668066147512af5a9240e318|probe/cd825db0668066147512af5a9240e318.mp4|PAR-3196_primary_video|Y|Y|||probe/0a1f229e64a42c685d347fda749b7fbf.mp4|cd825db0668066147512af5a9240e318.mp4|0a1f229e64a42c685d347fda749b7fbf||PAR-3196
camera|661b29781b26394dfb03676629dad035|probe/661b29781b26394dfb03676629dad035.mp4|PAR-3196_primary_video|Y|Y|||probe/0a1f229e64a42c685d347fda749b7fbf.mp4|661b29781b26394dfb03676629dad035.mp4|0a1f229e64a42c685d347fda749b7fbf||PAR-3196
camera|95c60b3088ebdc13883db83fb671e350|probe/95c60b3088ebdc13883db83fb671e350.mp4|PAR-3196_primary_video|Y|Y|||probe/0a1f229e64a42c685d347fda749b7fbf.mp4|95c60b3088ebdc13883db83fb671e350.mp4|0a1f229e64a42c685d347fda749b7fbf||PAR-3196
camera|a95314d44b50f88b43e1c4ad288a6d42|probe/a95314d44b50f88b43e1c4ad288a6d42.mp4|PAR-3196_primary_video|Y|Y|||probe/0a1f229e64a42c685d347fda749b7fbf.mp4|a95314d44b50f88b43e1c4ad288a6d42.mp4|0a1f229e64a42c685d347fda749b7fbf||PAR-3196
camera|11f85bcde6eadd0a689560e3b5e866b9|probe/11f85bcde6eadd0a689560e3b5e866b9.mp4|PAR-3196_primary_video|Y|N|||probe/11f85bcde6eadd0a689560e3b5e866b9.mp4|11f85bcde6eadd0a689560e3b5e866b9.mp4|11f85bcde6eadd0a689560e3b5e866b9||PAR-3196
camera|c6a3e9eda2dab803b5a5ecf07e66829c|probe/c6a3e9eda2dab803b5a5ecf07e66829c.mp4|PAR-3196_primary_video|Y|Y|||probe/11f85bcde6eadd0a689560e3b5e866b9.mp4|c6a3e9eda2dab803b5a5ecf07e66829c.mp4|11f85bcde6eadd0a689560e3b5e866b9||PAR-3196
camera|e5327e96090450c951bc4e3fd0812a45|probe/e5327e96090450c951bc4e3fd0812a45.mp4|PAR-3196_primary_video|Y|Y|||probe/11f85bcde6eadd0a689560e3b5e866b9.mp4|e5327e96090450c951bc4e3fd0812a45.mp4|11f85bcde6eadd0a689560e3b5e866b9||PAR-3196
camera|1c20c5778d792d5803de04662e359ccc|probe/1c20c5778d792d5803de04662e359ccc.mp4|PAR-3196_primary_video|Y|Y|||probe/11f85bcde6eadd0a689560e3b5e866b9.mp4|1c20c5778d792d5803de04662e359ccc.mp4|11f85bcde6eadd0a689560e3b5e866b9||PAR-3196
camera|c74f71ccf1f407985f4656debb658735|probe/c74f71ccf1f407985f4656debb658735.mp4|PAR-3196_primary_video|Y|Y|||probe/11f85bcde6eadd0a689560e3b5e866b9.mp4|c74f71ccf1f407985f4656debb658735.mp4|11f85bcde6eadd0a689560e3b5e866b9||PAR-3196
camera|c0c49570041480d9cdad7ed4839f5aaf|probe/c0c49570041480d9cdad7ed4839f5aaf.mp4|PAR-3196_primary_video|Y|Y|||probe/11f85bcde6eadd0a689560e3b5e866b9.mp4|c0c49570041480d9cdad7ed4839f5aaf.mp4|11f85bcde6eadd0a689560e3b5e866b9||PAR-3196
camera|3bd49163a9d7661d83236132686c8ae6|probe/3bd49163a9d7661d83236132686c8ae6.mp4|PAR-3196_primary_video|Y|N|||probe/3bd49163a9d7661d83236132686c8ae6.mp4|3bd49163a9d7661d83236132686c8ae6.mp4|3bd49163a9d7661d83236132686c8ae6||PAR-3196
camera|cc682c491cbe26acdb8495899d6a15bf|probe/cc682c491cbe26acdb8495899d6a15bf.mp4|PAR-3196_primary_video|Y|Y|||probe/3bd49163a9d7661d83236132686c8ae6.mp4|cc682c491cbe26acdb8495899d6a15bf.mp4|3bd49163a9d7661d83236132686c8ae6||PAR-3196
camera|42d061dee4eb2655ab976fd6c8c56d33|probe/42d061dee4eb2655ab976fd6c8c56d33.mp4|PAR-3196_primary_video|Y|N|||probe/42d061dee4eb2655ab976fd6c8c56d33.mp4|42d061dee4eb2655ab976fd6c8c56d33.mp4|42d061dee4eb2655ab976fd6c8c56d33||PAR-3196
camera|6e546b9da1742556be0ff41a5be903d9|probe/6e546b9da1742556be0ff41a5be903d9.mp4|PAR-3196_primary_video|Y|Y|||probe/42d061dee4eb2655ab976fd6c8c56d33.mp4|6e546b9da1742556be0ff41a5be903d9.mp4|42d061dee4eb2655ab976fd6c8c56d33||PAR-3196
camera|ba3a8cd85472f5c32cef9e05d98a2edc|probe/ba3a8cd85472f5c32cef9e05d98a2edc.mp4|PAR-3196_primary_video|Y|Y|||probe/42d061dee4eb2655ab976fd6c8c56d33.mp4|ba3a8cd85472f5c32cef9e05d98a2edc.mp4|42d061dee4eb2655ab976fd6c8c56d33||PAR-3196
camera|8fceed32c3d4dc31e39670e7b5ec562a|probe/8fceed32c3d4dc31e39670e7b5ec562a.mp4|PAR-3196_primary_video|Y|Y|||probe/42d061dee4eb2655ab976fd6c8c56d33.mp4|8fceed32c3d4dc31e39670e7b5ec562a.mp4|42d061dee4eb2655ab976fd6c8c56d33||PAR-3196
camera|f2216a894706616e5ea3f4185727d896|probe/f2216a894706616e5ea3f4185727d896.mp4|PAR-3196_primary_video|Y|Y|||probe/42d061dee4eb2655ab976fd6c8c56d33.mp4|f2216a894706616e5ea3f4185727d896.mp4|42d061dee4eb2655ab976fd6c8c56d33||PAR-3196
camera|4ed8f0f64ea0f93ed4a8f36ffa34046e|probe/4ed8f0f64ea0f93ed4a8f36ffa34046e.mp4|PAR-3196_primary_video|Y|Y|||probe/42d061dee4eb2655ab976fd6c8c56d33.mp4|4ed8f0f64ea0f93ed4a8f36ffa34046e.mp4|42d061dee4eb2655ab976fd6c8c56d33||PAR-3196
camera|18ad724cac47bae73cb3700224bf01ff|probe/18ad724cac47bae73cb3700224bf01ff.mp4|PAR-3196_primary_video|N|Y|||probe/16cabeda2e1c3e52cbf1efc8769a1705.mp4|18ad724cac47bae73cb3700224bf01ff.mp4|16cabeda2e1c3e52cbf1efc8769a1705||PAR-3196
camera|95ce8ffcc7dff02040495389332085aa|probe/95ce8ffcc7dff02040495389332085aa.mp4|PAR-3196_primary_video|Y|N|||probe/95ce8ffcc7dff02040495389332085aa.mp4|95ce8ffcc7dff02040495389332085aa.mp4|95ce8ffcc7dff02040495389332085aa||PAR-3196
camera|7c2b9594bb14a7eaae3c877ca7498f88|probe/7c2b9594bb14a7eaae3c877ca7498f88.mp4|PAR-3196_primary_video|Y|Y|||probe/95ce8ffcc7dff02040495389332085aa.mp4|7c2b9594bb14a7eaae3c877ca7498f88.mp4|95ce8ffcc7dff02040495389332085aa||PAR-3196
camera|224936ac66aedfacc427526167e845f3|probe/224936ac66aedfacc427526167e845f3.mp4|PAR-3196_primary_video|Y|Y|||probe/1f1753939fc16e131cd53bb8baace0db.mp4|224936ac66aedfacc427526167e845f3.mp4|1f1753939fc16e131cd53bb8baace0db||PAR-3196
camera|1f1753939fc16e131cd53bb8baace0db|probe/1f1753939fc16e131cd53bb8baace0db.mp4|PAR-3196_primary_video|Y|N|||probe/1f1753939fc16e131cd53bb8baace0db.mp4|1f1753939fc16e131cd53bb8baace0db.mp4|1f1753939fc16e131cd53bb8baace0db||PAR-3196
camera|713d55990723712210f15f6af0ad0355|probe/713d55990723712210f15f6af0ad0355.mp4|PAR-2936_primary_video|N|Y|||probe/0b26ee0691794324592fab44b65e104f.mp4|713d55990723712210f15f6af0ad0355.mp4|0b26ee0691794324592fab44b65e104f||PAR-2936
camera|eeb5fef2f2a880aba8eb8d2e2adf41fd|probe/eeb5fef2f2a880aba8eb8d2e2adf41fd.mp4|PAR-2936_primary_video|N|Y|||probe/001c934acb38a59cb28b680b79485dcd.mp4|eeb5fef2f2a880aba8eb8d2e2adf41fd.mp4|001c934acb38a59cb28b680b79485dcd||PAR-2936
camera|5baaa8f3eeb23b0422476ca8caa37793|probe/5baaa8f3eeb23b0422476ca8caa37793.mp4|PAR-2936_primary_video|Y|N|||probe/5baaa8f3eeb23b0422476ca8caa37793.mp4|5baaa8f3eeb23b0422476ca8caa37793.mp4|5baaa8f3eeb23b0422476ca8caa37793||PAR-2936
camera|4c64761be0354a11571efac9893ec569|probe/4c64761be0354a11571efac9893ec569.mp4|PAR-2936_primary_video|Y|Y|||probe/5baaa8f3eeb23b0422476ca8caa37793.mp4|4c64761be0354a11571efac9893ec569.mp4|5baaa8f3eeb23b0422476ca8caa37793||PAR-2936
camera|4afec4215963c397e660ac2439aa1f55|probe/4afec4215963c397e660ac2439aa1f55.mp4|PAR-2936_primary_video|N|Y|||probe/c98fb8c80870b52e088952429ab0d6ef.mp4|4afec4215963c397e660ac2439aa1f55.mp4|c98fb8c80870b52e088952429ab0d6ef||PAR-2936
camera|c543c57518e1b612d097dd19f159e39d|probe/c543c57518e1b612d097dd19f159e39d.mp4|PAR-2936_primary_video|N|Y|||probe/c98fb8c80870b52e088952429ab0d6ef.mp4|c543c57518e1b612d097dd19f159e39d.mp4|c98fb8c80870b52e088952429ab0d6ef||PAR-2936
camera|f57bf80a1dc1aa127f601c4e2dc987ed|probe/f57bf80a1dc1aa127f601c4e2dc987ed.mp4|PAR-2936_primary_video|N|Y|||probe/523635bc83c6908933e5e0087ac247a1.mp4|f57bf80a1dc1aa127f601c4e2dc987ed.mp4|523635bc83c6908933e5e0087ac247a1||PAR-2936
camera|72251d92632c0c9e1bb45d625448d0a0|probe/72251d92632c0c9e1bb45d625448d0a0.mp4|PAR-2936_primary_video|N|Y|||probe/93f07e2ce6e3fa0f5e2e845a32bd537d.mp4|72251d92632c0c9e1bb45d625448d0a0.mp4|93f07e2ce6e3fa0f5e2e845a32bd537d||PAR-2936
camera|54987819fec81f501235eac6f74a5b3d|probe/54987819fec81f501235eac6f74a5b3d.3gp|PAR-2936_primary_video|N|Y|||probe/93f07e2ce6e3fa0f5e2e845a32bd537d.mp4|54987819fec81f501235eac6f74a5b3d.3gp|93f07e2ce6e3fa0f5e2e845a32bd537d||PAR-2936
camera|b1e9229dc962df9eeb88d9b600d322c5|probe/b1e9229dc962df9eeb88d9b600d322c5.mp4|PAR-2936_primary_video|N|Y|||probe/93f07e2ce6e3fa0f5e2e845a32bd537d.mp4|b1e9229dc962df9eeb88d9b600d322c5.mp4|93f07e2ce6e3fa0f5e2e845a32bd537d||PAR-2936
camera|ffab545957c6f9d66a4eeeafdc218928|probe/ffab545957c6f9d66a4eeeafdc218928.mp4|PAR-2936_primary_video|N|Y|||probe/172864832d46c8f95b625db6d00e2311.mp4|ffab545957c6f9d66a4eeeafdc218928.mp4|172864832d46c8f95b625db6d00e2311||PAR-2936
camera|2bc42d350ce36b28112b5b282148971f|probe/2bc42d350ce36b28112b5b282148971f.mp4|PAR-2936_primary_video|N|Y|||probe/5c790703823fec4794bcc0a84f412402.mp4|2bc42d350ce36b28112b5b282148971f.mp4|5c790703823fec4794bcc0a84f412402||PAR-2936
camera|aa7cbad0b4482a30b2a31ea5bc32eedc|probe/aa7cbad0b4482a30b2a31ea5bc32eedc.mp4|PAR-2936_primary_video|N|Y|||probe/a827f69d3af269c37721e327d2788f0f.mp4|aa7cbad0b4482a30b2a31ea5bc32eedc.mp4|a827f69d3af269c37721e327d2788f0f||PAR-2936
camera|566e14078dde6f64dd80b88fc8e7c624|probe/566e14078dde6f64dd80b88fc8e7c624.mp4|PAR-2936_primary_video|N|Y|||probe/646c1848ce547cc5d8c6abe892e51be7.mp4|566e14078dde6f64dd80b88fc8e7c624.mp4|646c1848ce547cc5d8c6abe892e51be7||PAR-2936
camera|a8c0ae8e7482505d8e6fd49243b3c426|probe/a8c0ae8e7482505d8e6fd49243b3c426.mp4|PAR-2936_primary_video|N|Y|||probe/b67d979fc950730b8f94e74b0cb989fb.mp4|a8c0ae8e7482505d8e6fd49243b3c426.mp4|b67d979fc950730b8f94e74b0cb989fb||PAR-2936
camera|ba3a8cd85472f5c32cef9e05d98a2edc|probe/ba3a8cd85472f5c32cef9e05d98a2edc.mp4|PAR-2936_primary_video|N|Y|||probe/42d061dee4eb2655ab976fd6c8c56d33.mp4|ba3a8cd85472f5c32cef9e05d98a2edc.mp4|42d061dee4eb2655ab976fd6c8c56d33||PAR-2936
camera|98ad522bd60c5c0e67dcb568e1562071|probe/98ad522bd60c5c0e67dcb568e1562071.mp4|PAR-2936_primary_video|N|Y|||probe/6635263ffffe20b1985bc7d5deca7e06.mp4|98ad522bd60c5c0e67dcb568e1562071.mp4|6635263ffffe20b1985bc7d5deca7e06||PAR-2936
camera|3a0bd375aa5240c0852e96406a53bdf4|probe/3a0bd375aa5240c0852e96406a53bdf4.mp4|PAR-2936_primary_video|N|N|||probe/3a0bd375aa5240c0852e96406a53bdf4.mp4|3a0bd375aa5240c0852e96406a53bdf4.mp4|3a0bd375aa5240c0852e96406a53bdf4||PAR-2936
camera|e89d788106aa9613d08860a1069c1c4c|probe/e89d788106aa9613d08860a1069c1c4c.mp4|PAR-2936_primary_video|N|Y|||probe/88793f0962b4d359e4deca6bc7af102f.mp4|e89d788106aa9613d08860a1069c1c4c.mp4|88793f0962b4d359e4deca6bc7af102f||PAR-2936
camera|fb55181679e50b586a5e81f645eaad4a|probe/fb55181679e50b586a5e81f645eaad4a.mov|PAR-2936_primary_video|N|Y|||probe/e1662b7f6547109daa5a4e04781c675d.mp4|fb55181679e50b586a5e81f645eaad4a.mov|e1662b7f6547109daa5a4e04781c675d||PAR-2936
camera|f58c875b3a67299ba93f87499d4911aa|probe/f58c875b3a67299ba93f87499d4911aa.mp4|PAR-2936_primary_video|N|N|||probe/f58c875b3a67299ba93f87499d4911aa.mp4|f58c875b3a67299ba93f87499d4911aa.mp4|f58c875b3a67299ba93f87499d4911aa||PAR-2936
camera|3c9bd7299e662e828227fa064319459a|probe/3c9bd7299e662e828227fa064319459a.mp4|PAR-2936_primary_video|N|Y|||probe/f58c875b3a67299ba93f87499d4911aa.mp4|3c9bd7299e662e828227fa064319459a.mp4|f58c875b3a67299ba93f87499d4911aa||PAR-2936
camera|c928cff77a28a7e8f06ea10d5c279c73|probe/c928cff77a28a7e8f06ea10d5c279c73.mp4|PAR-2936_primary_video|Y|Y|||probe/d0ed245eca809937cf130ac065754eb4.mp4|c928cff77a28a7e8f06ea10d5c279c73.mp4|d0ed245eca809937cf130ac065754eb4||PAR-2936
camera|d0ed245eca809937cf130ac065754eb4|probe/d0ed245eca809937cf130ac065754eb4.mp4|PAR-2936_primary_video|Y|N|||probe/d0ed245eca809937cf130ac065754eb4.mp4|d0ed245eca809937cf130ac065754eb4.mp4|d0ed245eca809937cf130ac065754eb4||PAR-2936
camera|e26e86c72de5298efe679592b6b33c65|probe/e26e86c72de5298efe679592b6b33c65.mp4|PAR-2629_primary_video|N|Y|||probe/001c934acb38a59cb28b680b79485dcd.mp4|e26e86c72de5298efe679592b6b33c65.mp4|001c934acb38a59cb28b680b79485dcd||PAR-2629
camera|5c5f5dac9857bb5b22a691ce95df86f5|probe/5c5f5dac9857bb5b22a691ce95df86f5.3gp|PAR-2629_primary_video|N|Y|||probe/001c934acb38a59cb28b680b79485dcd.mp4|5c5f5dac9857bb5b22a691ce95df86f5.3gp|001c934acb38a59cb28b680b79485dcd||PAR-2629
camera|5baaa8f3eeb23b0422476ca8caa37793|probe/5baaa8f3eeb23b0422476ca8caa37793.mp4|PAR-2629_primary_video|N|N|||probe/5baaa8f3eeb23b0422476ca8caa37793.mp4|5baaa8f3eeb23b0422476ca8caa37793.mp4|5baaa8f3eeb23b0422476ca8caa37793||PAR-2629
camera|23c81796258a9124b6c4f61a2157a936|probe/23c81796258a9124b6c4f61a2157a936.mp4|PAR-2629_primary_video|N|Y|||probe/e53d5a577bc3e27d15cabbe2a781c73a.mp4|23c81796258a9124b6c4f61a2157a936.mp4|e53d5a577bc3e27d15cabbe2a781c73a||PAR-2629
camera|0a6cb5dc9ade89eab1040808a2ed3a1b|probe/0a6cb5dc9ade89eab1040808a2ed3a1b.mp4|PAR-2629_primary_video|N|Y|||probe/746c538433f1d9a508b0bb2902bb938b.mp4|0a6cb5dc9ade89eab1040808a2ed3a1b.mp4|746c538433f1d9a508b0bb2902bb938b||PAR-2629
camera|58638109260cdb4475913845df5f14e9|probe/58638109260cdb4475913845df5f14e9.mp4|PAR-2629_primary_video|N|Y|||probe/04ef4681bfe12d30bfc8885cfa3b66ba.mp4|58638109260cdb4475913845df5f14e9.mp4|04ef4681bfe12d30bfc8885cfa3b66ba||PAR-2629
camera|efa1a84c278b64d5708b7a2d07e3b263|probe/efa1a84c278b64d5708b7a2d07e3b263.mp4|PAR-2629_primary_video|N|Y|||probe/04ef4681bfe12d30bfc8885cfa3b66ba.mp4|efa1a84c278b64d5708b7a2d07e3b263.mp4|04ef4681bfe12d30bfc8885cfa3b66ba||PAR-2629
camera|95c60b3088ebdc13883db83fb671e350|probe/95c60b3088ebdc13883db83fb671e350.mp4|PAR-2629_primary_video|N|Y|||probe/0a1f229e64a42c685d347fda749b7fbf.mp4|95c60b3088ebdc13883db83fb671e350.mp4|0a1f229e64a42c685d347fda749b7fbf||PAR-2629
camera|72699b34b241f963e080c559f7c97db2|probe/72699b34b241f963e080c559f7c97db2.mp4|PAR-2629_primary_video|N|Y|||probe/64bd1f29214cf295e47e1fadc0ea1cd0.mp4|72699b34b241f963e080c559f7c97db2.mp4|64bd1f29214cf295e47e1fadc0ea1cd0||PAR-2629
camera|657be4890bce1951a6f1a60f2bc76ffc|probe/657be4890bce1951a6f1a60f2bc76ffc.mp4|PAR-2629_primary_video|N|Y|||probe/60a3d51f6592a0e289c2c8a0a4e1593b.mp4|657be4890bce1951a6f1a60f2bc76ffc.mp4|60a3d51f6592a0e289c2c8a0a4e1593b||PAR-2629
camera|0a433fefe44804148023982693877052|probe/0a433fefe44804148023982693877052.mp4|PAR-2629_primary_video|N|N|||probe/0a433fefe44804148023982693877052.mp4|0a433fefe44804148023982693877052.mp4|0a433fefe44804148023982693877052||PAR-2629
camera|78949baf9fdf4308ef0560271e2866bf|probe/78949baf9fdf4308ef0560271e2866bf.mp4|PAR-2629_primary_video|N|Y|||probe/a827f69d3af269c37721e327d2788f0f.mp4|78949baf9fdf4308ef0560271e2866bf.mp4|a827f69d3af269c37721e327d2788f0f||PAR-2629
camera|01d1021c3452df3c3bdcbe950f7e632e|probe/01d1021c3452df3c3bdcbe950f7e632e.mp4|PAR-2629_primary_video|N|Y|||probe/a827f69d3af269c37721e327d2788f0f.mp4|01d1021c3452df3c3bdcbe950f7e632e.mp4|a827f69d3af269c37721e327d2788f0f||PAR-2629
camera|2d96c557a0a2c1c7af2837bc5888f254|probe/2d96c557a0a2c1c7af2837bc5888f254.mp4|PAR-2629_primary_video|N|N|||probe/2d96c557a0a2c1c7af2837bc5888f254.mp4|2d96c557a0a2c1c7af2837bc5888f254.mp4|2d96c557a0a2c1c7af2837bc5888f254||PAR-2629
camera|646c1848ce547cc5d8c6abe892e51be7|probe/646c1848ce547cc5d8c6abe892e51be7.mp4|PAR-2629_primary_video|N|N|||probe/646c1848ce547cc5d8c6abe892e51be7.mp4|646c1848ce547cc5d8c6abe892e51be7.mp4|646c1848ce547cc5d8c6abe892e51be7||PAR-2629
camera|8fceed32c3d4dc31e39670e7b5ec562a|probe/8fceed32c3d4dc31e39670e7b5ec562a.mp4|PAR-2629_primary_video|N|Y|||probe/42d061dee4eb2655ab976fd6c8c56d33.mp4|8fceed32c3d4dc31e39670e7b5ec562a.mp4|42d061dee4eb2655ab976fd6c8c56d33||PAR-2629
camera|42d061dee4eb2655ab976fd6c8c56d33|probe/42d061dee4eb2655ab976fd6c8c56d33.mp4|PAR-2629_primary_video|N|N|||probe/42d061dee4eb2655ab976fd6c8c56d33.mp4|42d061dee4eb2655ab976fd6c8c56d33.mp4|42d061dee4eb2655ab976fd6c8c56d33||PAR-2629
camera|3a6ea0353897d4ea3fdf86bdbcfe0cf8|probe/3a6ea0353897d4ea3fdf86bdbcfe0cf8.mp4|PAR-2629_primary_video|Y|N|||probe/3a6ea0353897d4ea3fdf86bdbcfe0cf8.mp4|3a6ea0353897d4ea3fdf86bdbcfe0cf8.mp4|3a6ea0353897d4ea3fdf86bdbcfe0cf8||PAR-2629
camera|e384a5a6cad3f251a274e9a423dc417e|probe/e384a5a6cad3f251a274e9a423dc417e.mp4|PAR-2629_primary_video|Y|Y|||probe/3a6ea0353897d4ea3fdf86bdbcfe0cf8.mp4|e384a5a6cad3f251a274e9a423dc417e.mp4|3a6ea0353897d4ea3fdf86bdbcfe0cf8||PAR-2629
camera|a124b34bc34d30f11445390a42cbef9d|probe/a124b34bc34d30f11445390a42cbef9d.mp4|PAR-2629_primary_video|Y|Y|||probe/3a6ea0353897d4ea3fdf86bdbcfe0cf8.mp4|a124b34bc34d30f11445390a42cbef9d.mp4|3a6ea0353897d4ea3fdf86bdbcfe0cf8||PAR-2629
camera|856880e2c7d083db9e2423cd9cd57bf3|probe/856880e2c7d083db9e2423cd9cd57bf3.mp4|PAR-2629_primary_video|Y|Y|||probe/3a6ea0353897d4ea3fdf86bdbcfe0cf8.mp4|856880e2c7d083db9e2423cd9cd57bf3.mp4|3a6ea0353897d4ea3fdf86bdbcfe0cf8||PAR-2629
camera|a8aad1a06e925721ec1f5825e97151ad|probe/a8aad1a06e925721ec1f5825e97151ad.mp4|PAR-2629_primary_video|Y|Y|||probe/3a6ea0353897d4ea3fdf86bdbcfe0cf8.mp4|a8aad1a06e925721ec1f5825e97151ad.mp4|3a6ea0353897d4ea3fdf86bdbcfe0cf8||PAR-2629
camera|dcc1d18e85cb1990675e8e104814705b|probe/dcc1d18e85cb1990675e8e104814705b.mp4|PAR-2629_primary_video|Y|Y|||probe/3a6ea0353897d4ea3fdf86bdbcfe0cf8.mp4|dcc1d18e85cb1990675e8e104814705b.mp4|3a6ea0353897d4ea3fdf86bdbcfe0cf8||PAR-2629
camera|2b66c237b04c88068f827f9d1a9fe72a|probe/2b66c237b04c88068f827f9d1a9fe72a.mp4|PAR-2629_primary_video|Y|Y|||probe/fc6ff387bfea183a5ba9f0a95ad40c95.mp4|2b66c237b04c88068f827f9d1a9fe72a.mp4|fc6ff387bfea183a5ba9f0a95ad40c95||PAR-2629
camera|fc6ff387bfea183a5ba9f0a95ad40c95|probe/fc6ff387bfea183a5ba9f0a95ad40c95.mp4|PAR-2629_primary_video|Y|N|||probe/fc6ff387bfea183a5ba9f0a95ad40c95.mp4|fc6ff387bfea183a5ba9f0a95ad40c95.mp4|fc6ff387bfea183a5ba9f0a95ad40c95||PAR-2629
camera|a219324800adf01dcda8d7451d66f179|probe/a219324800adf01dcda8d7451d66f179.mp4|PAR-2629_primary_video|Y|N|||probe/a219324800adf01dcda8d7451d66f179.mp4|a219324800adf01dcda8d7451d66f179.mp4|a219324800adf01dcda8d7451d66f179||PAR-2629
camera|ee897023e846bd55aa99557be42128c4|probe/ee897023e846bd55aa99557be42128c4.mp4|PAR-2629_primary_video|Y|Y|||probe/a219324800adf01dcda8d7451d66f179.mp4|ee897023e846bd55aa99557be42128c4.mp4|a219324800adf01dcda8d7451d66f179||PAR-2629
camera|78b4e2a77b89ec320e5dbb13c04b251e|probe/78b4e2a77b89ec320e5dbb13c04b251e.mp4|PAR-2629_primary_video|N|Y|||probe/683c1c201f8bf2abc1828192bb4d9329.mp4|78b4e2a77b89ec320e5dbb13c04b251e.mp4|683c1c201f8bf2abc1828192bb4d9329||PAR-2629
camera|3632030c1a7705222b6616ebf20593f2|probe/3632030c1a7705222b6616ebf20593f2.mp4|PAR-2629_primary_video|N|Y|||probe/d538e0b48359332e53950eae0c70ff86.mp4|3632030c1a7705222b6616ebf20593f2.mp4|d538e0b48359332e53950eae0c70ff86||PAR-2629
camera|1f1753939fc16e131cd53bb8baace0db|probe/1f1753939fc16e131cd53bb8baace0db.mp4|PAR-2629_primary_video|N|N|||probe/1f1753939fc16e131cd53bb8baace0db.mp4|1f1753939fc16e131cd53bb8baace0db.mp4|1f1753939fc16e131cd53bb8baace0db||PAR-2629
camera|c928cff77a28a7e8f06ea10d5c279c73|probe/c928cff77a28a7e8f06ea10d5c279c73.mp4|PAR-2629_primary_video|N|Y|||probe/d0ed245eca809937cf130ac065754eb4.mp4|c928cff77a28a7e8f06ea10d5c279c73.mp4|d0ed245eca809937cf130ac065754eb4||PAR-2629
camera|91a16d4d3ad7188827dd0c962a519987|probe/91a16d4d3ad7188827dd0c962a519987.mp4|PAR-1742_primary_video|N|Y|||probe/c98fb8c80870b52e088952429ab0d6ef.mp4|91a16d4d3ad7188827dd0c962a519987.mp4|c98fb8c80870b52e088952429ab0d6ef||PAR-1742
camera|85ba804356d94b7fbe9005860b70f8e9|probe/85ba804356d94b7fbe9005860b70f8e9.mp4|PAR-1742_primary_video|N|Y|||probe/17708284a6eb1fb7b3cd65ac525dbf3e.mp4|85ba804356d94b7fbe9005860b70f8e9.mp4|17708284a6eb1fb7b3cd65ac525dbf3e||PAR-1742
camera|24dbb62894e3b3ccbe1539e82b6c4516|probe/24dbb62894e3b3ccbe1539e82b6c4516.mp4|PAR-1742_primary_video|N|Y|||probe/21e1868ccdaeacaf1b3f8686201c8c51.mp4|24dbb62894e3b3ccbe1539e82b6c4516.mp4|21e1868ccdaeacaf1b3f8686201c8c51||PAR-1742
camera|ea9c67fa2bdc8a3a720d6d0d423d20b5|probe/ea9c67fa2bdc8a3a720d6d0d423d20b5.mp4|PAR-1742_primary_video|N|N|||probe/ea9c67fa2bdc8a3a720d6d0d423d20b5.mp4|ea9c67fa2bdc8a3a720d6d0d423d20b5.mp4|ea9c67fa2bdc8a3a720d6d0d423d20b5||PAR-1742
camera|ce5b1493ee170ba0f3e1b854a2d2df52|probe/ce5b1493ee170ba0f3e1b854a2d2df52.mp4|PAR-1742_primary_video|N|Y|||probe/746c538433f1d9a508b0bb2902bb938b.mp4|ce5b1493ee170ba0f3e1b854a2d2df52.mp4|746c538433f1d9a508b0bb2902bb938b||PAR-1742
camera|cd825db0668066147512af5a9240e318|probe/cd825db0668066147512af5a9240e318.mp4|PAR-1742_primary_video|N|Y|||probe/0a1f229e64a42c685d347fda749b7fbf.mp4|cd825db0668066147512af5a9240e318.mp4|0a1f229e64a42c685d347fda749b7fbf||PAR-1742
camera|afb60b795609fb9d41b420e9c7e81b26|probe/afb60b795609fb9d41b420e9c7e81b26.mp4|PAR-1742_primary_video|N|Y|||probe/3a5cf9d11d47f1c0745d5ed7b42da22a.mp4|afb60b795609fb9d41b420e9c7e81b26.mp4|3a5cf9d11d47f1c0745d5ed7b42da22a||PAR-1742
camera|348d57a85a54644e47ada9983d39d151|probe/348d57a85a54644e47ada9983d39d151.mp4|PAR-1742_primary_video|N|Y|||probe/64bd1f29214cf295e47e1fadc0ea1cd0.mp4|348d57a85a54644e47ada9983d39d151.mp4|64bd1f29214cf295e47e1fadc0ea1cd0||PAR-1742
camera|a5b83d39c2d72ff744cf4b31f8eb9271|probe/a5b83d39c2d72ff744cf4b31f8eb9271.mp4|PAR-1742_primary_video|N|Y|||probe/7535457331c10fdb7106bdd0865a599f.mp4|a5b83d39c2d72ff744cf4b31f8eb9271.mp4|7535457331c10fdb7106bdd0865a599f||PAR-1742
camera|382f965ea9225a9ad1e3302460965d3b|probe/382f965ea9225a9ad1e3302460965d3b.mp4|PAR-1742_primary_video|Y|Y|||probe/bf30c03e7176462e02172508c59530b9.mp4|382f965ea9225a9ad1e3302460965d3b.mp4|bf30c03e7176462e02172508c59530b9||PAR-1742
camera|bf30c03e7176462e02172508c59530b9|probe/bf30c03e7176462e02172508c59530b9.mp4|PAR-1742_primary_video|Y|N|||probe/bf30c03e7176462e02172508c59530b9.mp4|bf30c03e7176462e02172508c59530b9.mp4|bf30c03e7176462e02172508c59530b9||PAR-1742
camera|f02b92772767ea0c2d891d98762a2c7c|probe/f02b92772767ea0c2d891d98762a2c7c.mp4|PAR-1742_primary_video|Y|Y|||probe/bf30c03e7176462e02172508c59530b9.mp4|f02b92772767ea0c2d891d98762a2c7c.mp4|bf30c03e7176462e02172508c59530b9||PAR-1742
camera|3bd49163a9d7661d83236132686c8ae6|probe/3bd49163a9d7661d83236132686c8ae6.mp4|PAR-1742_primary_video|N|N|||probe/3bd49163a9d7661d83236132686c8ae6.mp4|3bd49163a9d7661d83236132686c8ae6.mp4|3bd49163a9d7661d83236132686c8ae6||PAR-1742
camera|9e9b718f30c6d5879b5a8c3f933b1b1d|probe/9e9b718f30c6d5879b5a8c3f933b1b1d.mp4|PAR-1742_primary_video|N|Y|||probe/16cabeda2e1c3e52cbf1efc8769a1705.mp4|9e9b718f30c6d5879b5a8c3f933b1b1d.mp4|16cabeda2e1c3e52cbf1efc8769a1705||PAR-1742
camera|a8aad1a06e925721ec1f5825e97151ad|probe/a8aad1a06e925721ec1f5825e97151ad.mp4|PAR-1742_primary_video|N|Y|||probe/3a6ea0353897d4ea3fdf86bdbcfe0cf8.mp4|a8aad1a06e925721ec1f5825e97151ad.mp4|3a6ea0353897d4ea3fdf86bdbcfe0cf8||PAR-1742
camera|af47ec903fadcf27fb99106bd9d5f57b|probe/af47ec903fadcf27fb99106bd9d5f57b.mp4|PAR-1794_primary_video|N|Y|||probe/17708284a6eb1fb7b3cd65ac525dbf3e.mp4|af47ec903fadcf27fb99106bd9d5f57b.mp4|17708284a6eb1fb7b3cd65ac525dbf3e||PAR-1794
camera|06cd62faffb0c859bdb9d8ce2e6bc064|probe/06cd62faffb0c859bdb9d8ce2e6bc064.3gp|PAR-1794_primary_video|N|Y|||probe/523635bc83c6908933e5e0087ac247a1.mp4|06cd62faffb0c859bdb9d8ce2e6bc064.3gp|523635bc83c6908933e5e0087ac247a1||PAR-1794
camera|7fbfc320509b99b7cfbbf7de1c4df330|probe/7fbfc320509b99b7cfbbf7de1c4df330.mp4|PAR-1794_primary_video|N|Y|||probe/93f07e2ce6e3fa0f5e2e845a32bd537d.mp4|7fbfc320509b99b7cfbbf7de1c4df330.mp4|93f07e2ce6e3fa0f5e2e845a32bd537d||PAR-1794
camera|1b1e60858aa18a046da78d3c4ecb39b7|probe/1b1e60858aa18a046da78d3c4ecb39b7.mp4|PAR-1794_primary_video|N|Y|||probe/746c538433f1d9a508b0bb2902bb938b.mp4|1b1e60858aa18a046da78d3c4ecb39b7.mp4|746c538433f1d9a508b0bb2902bb938b||PAR-1794
camera|1ccd679cc4c3d872c6dbf7c11e900d72|probe/1ccd679cc4c3d872c6dbf7c11e900d72.mp4|PAR-1794_primary_video|Y|Y|||probe/dd782554342f27cbc7b50183e9375e6d.mp4|1ccd679cc4c3d872c6dbf7c11e900d72.mp4|dd782554342f27cbc7b50183e9375e6d||PAR-1794
camera|c89ff3126a05ba3c603649811ea03c78|probe/c89ff3126a05ba3c603649811ea03c78.mp4|PAR-1794_primary_video|Y|Y|||probe/dd782554342f27cbc7b50183e9375e6d.mp4|c89ff3126a05ba3c603649811ea03c78.mp4|dd782554342f27cbc7b50183e9375e6d||PAR-1794
camera|dd782554342f27cbc7b50183e9375e6d|probe/dd782554342f27cbc7b50183e9375e6d.mp4|PAR-1794_primary_video|Y|N|||probe/dd782554342f27cbc7b50183e9375e6d.mp4|dd782554342f27cbc7b50183e9375e6d.mp4|dd782554342f27cbc7b50183e9375e6d||PAR-1794
camera|172864832d46c8f95b625db6d00e2311|probe/172864832d46c8f95b625db6d00e2311.mp4|PAR-1794_primary_video|N|N|||probe/172864832d46c8f95b625db6d00e2311.mp4|172864832d46c8f95b625db6d00e2311.mp4|172864832d46c8f95b625db6d00e2311||PAR-1794
camera|7535457331c10fdb7106bdd0865a599f|probe/7535457331c10fdb7106bdd0865a599f.mp4|PAR-1794_primary_video|Y|N|||probe/7535457331c10fdb7106bdd0865a599f.mp4|7535457331c10fdb7106bdd0865a599f.mp4|7535457331c10fdb7106bdd0865a599f||PAR-1794
camera|a5b83d39c2d72ff744cf4b31f8eb9271|probe/a5b83d39c2d72ff744cf4b31f8eb9271.mp4|PAR-1794_primary_video|Y|Y|||probe/7535457331c10fdb7106bdd0865a599f.mp4|a5b83d39c2d72ff744cf4b31f8eb9271.mp4|7535457331c10fdb7106bdd0865a599f||PAR-1794
camera|9a3d16495aa36e213d9ee05d1163b924|probe/9a3d16495aa36e213d9ee05d1163b924.mp4|PAR-1794_primary_video|Y|Y|||probe/7535457331c10fdb7106bdd0865a599f.mp4|9a3d16495aa36e213d9ee05d1163b924.mp4|7535457331c10fdb7106bdd0865a599f||PAR-1794
camera|f8ae9dd91345aff64201d53cdd061171|probe/f8ae9dd91345aff64201d53cdd061171.mp4|PAR-1794_primary_video|N|Y|||probe/383f78c882ab959fc4e7c396f787d748.mp4|f8ae9dd91345aff64201d53cdd061171.mp4|383f78c882ab959fc4e7c396f787d748||PAR-1794
camera|2f9e46ebba334acabb745401985c6d28|probe/2f9e46ebba334acabb745401985c6d28.mp4|PAR-1794_primary_video|N|Y|||probe/383f78c882ab959fc4e7c396f787d748.mp4|2f9e46ebba334acabb745401985c6d28.mp4|383f78c882ab959fc4e7c396f787d748||PAR-1794
camera|b67d979fc950730b8f94e74b0cb989fb|probe/b67d979fc950730b8f94e74b0cb989fb.mp4|PAR-1794_primary_video|Y|N|||probe/b67d979fc950730b8f94e74b0cb989fb.mp4|b67d979fc950730b8f94e74b0cb989fb.mp4|b67d979fc950730b8f94e74b0cb989fb||PAR-1794
camera|a8c0ae8e7482505d8e6fd49243b3c426|probe/a8c0ae8e7482505d8e6fd49243b3c426.mp4|PAR-1794_primary_video|Y|Y|||probe/b67d979fc950730b8f94e74b0cb989fb.mp4|a8c0ae8e7482505d8e6fd49243b3c426.mp4|b67d979fc950730b8f94e74b0cb989fb||PAR-1794
camera|ba0a82f3863baa1bfc51cc1549f95d84|probe/ba0a82f3863baa1bfc51cc1549f95d84.mp4|PAR-1794_primary_video|Y|Y|||probe/b67d979fc950730b8f94e74b0cb989fb.mp4|ba0a82f3863baa1bfc51cc1549f95d84.mp4|b67d979fc950730b8f94e74b0cb989fb||PAR-1794
camera|19fbd4b9b2275436ea2670717eb2c992|probe/19fbd4b9b2275436ea2670717eb2c992.mp4|PAR-1794_primary_video|Y|Y|||probe/6635263ffffe20b1985bc7d5deca7e06.mp4|19fbd4b9b2275436ea2670717eb2c992.mp4|6635263ffffe20b1985bc7d5deca7e06||PAR-1794
camera|6635263ffffe20b1985bc7d5deca7e06|probe/6635263ffffe20b1985bc7d5deca7e06.mp4|PAR-1794_primary_video|Y|N|||probe/6635263ffffe20b1985bc7d5deca7e06.mp4|6635263ffffe20b1985bc7d5deca7e06.mp4|6635263ffffe20b1985bc7d5deca7e06||PAR-1794
camera|98ad522bd60c5c0e67dcb568e1562071|probe/98ad522bd60c5c0e67dcb568e1562071.mp4|PAR-1794_primary_video|Y|Y|||probe/6635263ffffe20b1985bc7d5deca7e06.mp4|98ad522bd60c5c0e67dcb568e1562071.mp4|6635263ffffe20b1985bc7d5deca7e06||PAR-1794
camera|271caf4b0e439eb05b4d515746eed9af|probe/271caf4b0e439eb05b4d515746eed9af.mp4|PAR-1794_primary_video|Y|Y|||probe/5e562dd89dd28144fb0424cb23341d8b.mp4|271caf4b0e439eb05b4d515746eed9af.mp4|5e562dd89dd28144fb0424cb23341d8b||PAR-1794
camera|5e562dd89dd28144fb0424cb23341d8b|probe/5e562dd89dd28144fb0424cb23341d8b.mp4|PAR-1794_primary_video|Y|N|||probe/5e562dd89dd28144fb0424cb23341d8b.mp4|5e562dd89dd28144fb0424cb23341d8b.mp4|5e562dd89dd28144fb0424cb23341d8b||PAR-1794
camera|f8b1e604a1af8f6f4043d8ff68acc70c|probe/f8b1e604a1af8f6f4043d8ff68acc70c.mp4|PAR-1794_primary_video|Y|Y|||probe/5e562dd89dd28144fb0424cb23341d8b.mp4|f8b1e604a1af8f6f4043d8ff68acc70c.mp4|5e562dd89dd28144fb0424cb23341d8b||PAR-1794
camera|7fcbe334e6314ab39a122e7e90dcf167|probe/7fcbe334e6314ab39a122e7e90dcf167.mp4|PAR-1794_primary_video|Y|N|||probe/7fcbe334e6314ab39a122e7e90dcf167.mp4|7fcbe334e6314ab39a122e7e90dcf167.mp4|7fcbe334e6314ab39a122e7e90dcf167||PAR-1794
camera|ecbdc702a5a846b2f30c03de9b592cec|probe/ecbdc702a5a846b2f30c03de9b592cec.mp4|PAR-1794_primary_video|Y|Y|||probe/7fcbe334e6314ab39a122e7e90dcf167.mp4|ecbdc702a5a846b2f30c03de9b592cec.mp4|7fcbe334e6314ab39a122e7e90dcf167||PAR-1794
camera|5ce077f78079a33ac764e1699aacf500|probe/5ce077f78079a33ac764e1699aacf500.mp4|PAR-1794_primary_video|Y|Y|||probe/7fcbe334e6314ab39a122e7e90dcf167.mp4|5ce077f78079a33ac764e1699aacf500.mp4|7fcbe334e6314ab39a122e7e90dcf167||PAR-1794
camera|4cf79ef91bdc758898fb45dd121b8d24|probe/4cf79ef91bdc758898fb45dd121b8d24.mov|PAR-1794_primary_video|N|Y|||probe/d0c2a909c5b212738085d5e57c0a8887.mp4|4cf79ef91bdc758898fb45dd121b8d24.mov|d0c2a909c5b212738085d5e57c0a8887||PAR-1794
camera|1f0a580c43a987431309786621e6daf8|probe/1f0a580c43a987431309786621e6daf8.mp4|PAR-1794_primary_video|N|Y|||probe/80477616336656ef2af661a79676a55a.mp4|1f0a580c43a987431309786621e6daf8.mp4|80477616336656ef2af661a79676a55a||PAR-1794
camera|683c1c201f8bf2abc1828192bb4d9329|probe/683c1c201f8bf2abc1828192bb4d9329.mp4|PAR-1794_primary_video|N|N|||probe/683c1c201f8bf2abc1828192bb4d9329.mp4|683c1c201f8bf2abc1828192bb4d9329.mp4|683c1c201f8bf2abc1828192bb4d9329||PAR-1794
camera|2b51f931eb8423c0fa552473d725c421|probe/2b51f931eb8423c0fa552473d725c421.mp4|PAR-1794_primary_video|Y|N|||probe/2b51f931eb8423c0fa552473d725c421.mp4|2b51f931eb8423c0fa552473d725c421.mp4|2b51f931eb8423c0fa552473d725c421||PAR-1794
camera|6266e40911ab52840e1c69666f6d2101|probe/6266e40911ab52840e1c69666f6d2101.mp4|PAR-1794_primary_video|Y|Y|||probe/2b51f931eb8423c0fa552473d725c421.mp4|6266e40911ab52840e1c69666f6d2101.mp4|2b51f931eb8423c0fa552473d725c421||PAR-1794
camera|59aa06ddcad9a21e29cdd19468ffcfd4|probe/59aa06ddcad9a21e29cdd19468ffcfd4.mp4|PAR-1794_primary_video|Y|Y|||probe/2b51f931eb8423c0fa552473d725c421.mp4|59aa06ddcad9a21e29cdd19468ffcfd4.mp4|2b51f931eb8423c0fa552473d725c421||PAR-1794
